"pitcher","pitcher_name","pitch_hand","n_pitches","team_id","ball_angle","relative_release_ball_x","release_ball_z","relative_shoulder_x","shoulder_z"
434378,"Verlander, Justin","R",1530,137,"53.6",-1.3390620428113722,7.028679738562092,0.12682878030594294,5.030947552514767
445276,"Jansen, Kenley","R",596,108,"53.4",-1.1146960099587842,6.3625167785234895,0.34732075093612796,4.3949557274282505
445926,"Chavez, Jesse","R",171,144,"21.1",-2.125787446250982,5.010350877192982,-0.14328041352638876,4.2440294706612045
448179,"Hill, Rich","L",171,118,"35.5",2.3052994357261034,5.383918128654971,0.43362091086301613,4.03749546079995
450203,"Morton, Charlie","R",1758,110,"21.3",-2.619874409255111,5.397087599544937,-0.2847708658052113,4.4867939689507
453286,"Scherzer, Max","R",547,141,"32.9",-2.192668452604855,5.610310786106033,-0.29584616152926185,4.382067930406333
455119,"Martin, Chris","R",493,140,"41.4",-1.934890513704374,6.163367139959432,-0.10934035498765246,4.550587449968002
458677,"Wilson, Justin","L",568,111,"51.9",1.252109491604864,6.366531690140845,-0.1769326937561196,4.546137308409279
471911,"Carrasco, Carlos","R",513,147,"34.6",-2.0475743656907315,5.856042884990253,-0.1410407079046398,4.5425999473579965
472610,"García, Luis","R",611,9999,"44.5",-1.7044225601410057,6.224369885433715,-0.1123167288072795,4.658683808723609
476594,"Stock, Robert","R",59,111,"5.5",-2.56126900246043,4.5530508474576274,-0.5010861627239495,4.358541072237832
477132,"Kershaw, Clayton","L",942,119,"55.2",1.1544596720966245,6.029617834394904,-0.11413968762181576,4.202134532095023
489119,"Miley, Wade","L",205,113,"49.6",1.5829275158590954,6.172439024390244,0.11615206295378462,4.447391710360419
489446,"Yates, Kirby","R",579,119,"19.7",-2.334963231117847,5.174628670120898,-0.3692021625890111,4.471936204470798
493603,"Ottavino, Adam","R",42,147,"24.7",-2.6925092496716054,5.3880952380952385,-0.5006418109668109,4.379316687887276
500779,"Quintana, Jose","L",1374,158,"41.5",1.9065885116233114,5.735240174672489,0.2180343144390216,4.23875325052477
502043,"Gibson, Kyle","R",280,110,"44.0",-1.716346343851325,6.266607142857143,-0.01654354882862235,4.6223161888846445
506433,"Darvish, Yu","R",360,135,"38.8",-1.7584482616558514,5.5376666666666665,-0.1582439988116459,4.254092274212716
518397,"Alexander, Scott","L",313,9999,"35.3",1.964054859285997,5.594057507987221,0.18281496956028997,4.331533971741471
518489,"Brasier, Ryan","R",313,112,"38.8",-1.8662736857436806,5.699904153354632,-0.2093157802418092,4.371099328845683
518585,"Cruz, Fernando","R",535,147,"48.7",-1.473799105152991,6.000355140186916,-0.011384469488730068,4.3331037713029135
518876,"Kelly, Merrill","R",2008,109,"23.7",-2.295642677701491,5.482016932270916,-0.257460470595337,4.587470848557641
518886,"Kimbrel, Craig","R",14,144,"21.3",-2.3785474769167,4.785714285714286,-0.4793815253374077,4.043452145403616
519008,"McFarland, T.J.","L",272,133,"13.8",2.9154586409397325,5.379926470588235,0.6424319322113873,4.8217929878368455
519141,"Pomeranz, Drew","L",487,112,"40.0",1.889843875769849,6.242279260780288,0.052443853927608,4.699760367413719
519151,"Pressly, Ryan","R",661,112,"55.7",-1.1393723721921767,5.897413010590015,0.17513827871129198,3.968252863645802
519242,"Sale, Chris","L",1486,144,"8.2",3.2900165924088016,4.848748317631225,0.9215885983379036,4.508094420293506
519326,"Strickland, Hunter","R",332,108,"34.8",-2.0732010280880595,5.960722891566265,-0.14872772131305972,4.619523998400017
521230,"Hendriks, Liam","R",232,111,"47.1",-1.7076262392503827,5.840172413793104,-0.20699476611961398,4.225900179789784
527048,"Pérez, Martín","L",318,145,"46.9",1.5611969603265652,5.7049685534591195,-0.002923367134160695,4.032157444590186
534910,"Hahn, Jesse","R",79,136,"25.2",-2.447748460087477,5.672911392405063,-0.3828633340102439,4.699410195401521
542881,"Anderson, Tyler","L",1923,108,"54.8",1.0823020623891764,6.301866874674987,-0.21080625985467227,4.464800176399213
542888,"Armstrong, Shawn","R",749,140,"41.3",-1.8967284253867762,5.779866488651535,-0.18139185830661916,4.270058811748998
543056,"Coulombe, Danny","L",474,142,"57.3",0.8872789973424126,6.113122362869198,-0.2945270401332762,4.272569306617929
543101,"DeSclafani, Anthony","R",355,109,"35.4",-1.7294197409252623,5.477464788732394,0.006015351861615315,4.244669055258467
543135,"Eovaldi, Nathan","R",1532,140,"31.2",-2.6530456332508523,5.351879895561358,-0.6298237593838865,4.123788970704589
543243,"Gray, Sonny","R",1811,138,"47.5",-1.2894817450829332,5.555499723909442,0.15612191115691296,3.97872167335485
543294,"Hendricks, Kyle","R",1673,108,"43.2",-1.7643805902532412,6.123962940824866,-0.0010911439204818398,4.466206057676018
543518,"McGough, Scott","R",136,109,"44.6",-1.490759693090978,5.904191176470588,0.008834012923351156,4.427838304760407
543859,"Tonkin, Michael","R",36,142,"12.6",-2.9948373464443847,5.3069444444444445,-0.6438410700138641,4.7821828976034855
544150,"Suárez, Albert","R",39,110,"36.0",-1.9509021378899385,6.053333333333334,-0.05582603409662235,4.673563771196124
547001,"Poteet, Cody","R",68,110,"36.8",-1.8695422791695415,6.156617647058823,-0.08832699748348537,4.823189772727273
547179,"Lorenzen, Michael","R",1610,118,"43.3",-1.6066395351338387,5.828857142857143,0.08900124860220768,4.225463275594823
547184,"Kelly, Michael","R",278,133,"36.0",-1.8523739311987102,6.1604676258992805,0.025131136908654896,4.796588860783031
547973,"Chapman, Aroldis","L",623,111,"52.5",1.299287892045739,6.194253611556983,-0.17927320108840267,4.2679019706554735
548384,"Raley, Brooks","L",76,121,"30.8",2.2423746266471136,5.574473684210527,0.2673975384651468,4.392076526878694
552640,"Kittredge, Andrew","R",446,110,"40.6",-1.6841516263231422,5.8815470852017935,0.004101200810532122,4.433548965652302
554340,"García, Yimi","R",358,141,"27.1",-2.4815752033770444,5.2074301675977654,-0.2783752803254364,4.080909784502933
554430,"Wheeler, Zack","R",2111,143,"23.4",-2.6956249352626953,5.175352913311227,-0.4360431670622687,4.197860863307469
554431,"Matzek, Tyler","L",127,147,"45.4",1.6724657095721631,5.968110236220473,-0.011180000561427136,4.2547595597007595
570632,"Ureña, José","R",304,9999,"30.3",-2.2892741641913728,5.691315789473684,-0.21500108593676706,4.479597308319261
571510,"Boyd, Matthew","L",1870,112,"25.0",2.5857725969581007,5.455411764705882,0.3504904507325536,4.412990354838095
571578,"Corbin, Patrick","L",1761,140,"36.9",1.8771571446080548,6.187194775695628,0.0066554799928334315,4.783632177168013
571760,"Heaney, Andrew","L",1733,134,"24.6",2.4747600002914285,4.798211194460473,0.40772548109313494,3.848416597700298
571771,"Hernández, Enrique","R",51,119,"64.7",-1.0143111153532394,6.792745098039216,-0.028013765684526886,4.708037050435148
571927,"Matz, Steven","L",893,138,"34.6",2.003553083280934,5.729462486002239,0.09752839194926673,4.415581316058949
571945,"Mikolas, Miles","R",1694,138,"42.1",-2.0122347780022296,6.4914757969303425,-0.13870619203353768,4.798550091441535
571946,"Miller, Shelby","R",542,109,"43.8",-1.599890628123434,5.367546125461255,0.018725388243187247,3.8122951907834586
571948,"Milner, Hoby","L",796,140,"-6.1",2.918821022124946,4.171256281407035,0.7040980489569058,4.406989186126712
572955,"Johnson, Pierce","R",623,144,"38.9",-1.91537417186888,6.182038523274478,-0.15609658357725112,4.758461450688549
573009,"Mantiply, Joe","L",191,109,"15.8",2.81471488951686,5.218795811518325,0.4842561511325139,4.559642072869129
573124,"Rogers, Taylor","L",603,113,"29.1",1.905979703885896,5.627810945273632,-0.1657409002225947,4.472192953680794
573186,"Stroman, Marcus","R",630,147,"33.2",-1.8956202209802215,5.256920634920635,-0.18334600882777355,4.135014184279773
573204,"Thielbar, Caleb","L",579,112,"55.8",0.8882391782697,6.1425043177892915,-0.4083353198242714,4.237840465613157
573262,"Yastrzemski, Mike","L",9,137,"52.3",1.4164375786667636,6.26,0.15789448405624873,4.627749574173103
579328,"Kikuchi, Yusei","L",2210,108,"35.4",1.9545288762506015,5.360411764705883,0.15939965781047097,4.086102416458973
592094,"Adam, Jason","R",876,135,"37.7",-1.9523272820712914,6.396175799086758,-0.03950758705100968,4.91654460641874
592155,"Booser, Cam","L",451,145,"37.2",1.9232867310502917,5.7793348115299334,0.19066101216943138,4.4656399259320745
592332,"Gausman, Kevin","R",1988,141,"36.4",-2.055799736605719,5.768224346076459,-0.13439190831262082,4.349812247818462
592351,"Gray, Jon","R",74,140,"29.1",-2.1477588188879637,5.418783783783784,-0.15727100737100735,4.310071026641615
592426,"Jackson, Luke","R",570,9999,"50.8",-1.2815324413388276,6.329754385964912,0.20466153469681334,4.502367040372768
592454,"Kahnle, Tommy","R",693,116,"32.8",-2.0192451699610774,5.534531024531025,-0.07672690708974131,4.284622957741407
592662,"Ray, Robbie","L",2095,137,"45.6",1.643020061348446,6.1902959427207636,0.035689434312236507,4.550569594272076
592773,"Stanek, Ryne","R",701,121,"49.1",-1.2296182922369068,6.488901569186876,0.35608779055131323,4.659667946478293
592779,"Stewart, Brock","R",538,142,"25.5",-2.303269242531386,5.338364312267658,-0.1638948989125897,4.318141269241728
592791,"Taillon, Jameson","R",1493,112,"46.5",-1.5256206722195882,6.151225720026792,0.06983824794973095,4.469097033810784
592836,"Walker, Taijuan","R",1234,143,"40.8",-1.9364434840808746,6.537350081037277,-0.12665671078214696,4.97356836043243
592866,"Williams, Trevor","R",1448,120,"16.3",-2.742001129293398,4.947265193370166,-0.4924476285441349,4.287036445315193
593423,"Montas, Frankie","R",500,121,"46.8",-1.4689161870532772,6.06536,0.13522243137254902,4.354214082709447
593576,"Neris, Héctor","R",455,9999,"38.5",-1.77849969823587,6.0368571428571425,0.04884602573896692,4.581215343088284
593833,"Suero, Wander","R",87,144,"36.2",-2.5494899142221987,5.847471264367816,-0.766901652426906,4.544084361874321
593958,"Rodriguez, Eduardo","L",1598,109,"40.0",1.9385371362627797,5.928310387984981,0.13021281977918028,4.411558919627699
593974,"Peralta, Wandy","L",777,135,"46.4",1.4305368604720794,6.113745173745174,-0.17645112928054105,4.423384737334738
594580,"Moll, Sam","L",167,113,"13.2",2.249992127180409,4.885449101796407,0.10792000064043036,4.380080804700759
594798,"deGrom, Jacob","R",1816,140,"30.7",-2.157618986034173,5.4801101321585906,-0.05977432453257634,4.233120608848265
594902,"Lively, Ben","R",668,114,"36.9",-1.7808834726659954,5.11812874251497,-0.10195970612251433,3.855937409672633
595014,"Treinen, Blake","R",175,119,"32.3",-2.201943686979493,6.239828571428571,-0.08264381818181818,4.900512597402598
595345,"Okert, Steven","L",687,117,"34.5",2.416170829959933,5.881921397379912,0.4486310994610892,4.530509960639013
595897,"Burdi, Nick","R",83,111,"14.4",-2.6861904407034927,5.222168674698795,-0.30542124863088715,4.609063676094753
595928,"Curtiss, John","R",174,109,"42.3",-1.7637667090083506,6.33080459770115,-0.10854636322658637,4.825132348843404
596001,"Junis, Jakob","R",734,114,"27.1",-2.3109436690871252,5.572125340599455,-0.27424965551491837,4.527552182872158
596112,"Stephenson, Robert","R",15,108,"48.8",-1.4913915872397037,6.165333333333333,0.05225202020202022,4.395829494949495
596133,"Weaver, Luke","R",641,147,"47.2",-1.3771523211519647,5.602854914196568,0.16135245675067644,3.939428845720674
596271,"Lawrence, Casey","R",276,9999,"19.6",-2.6235314477618794,5.1165942028985505,-0.5149311713684156,4.365100866400579
596295,"Gomber, Austin","L",658,115,"53.4",1.0685005461124089,6.6280091185410335,-0.32435154413796463,4.753614939399357
600917,"Leclerc, José","R",228,133,"38.8",-1.48506702097938,5.873640350877193,0.29304277175782595,4.444728156174751
601713,"Pivetta, Nick","R",1877,135,"57.4",-0.9429803687132613,6.820058604155568,0.3200856221337763,4.846645600984618
605130,"Barlow, Scott","R",853,113,"22.9",-2.472086989682707,5.20873388042204,-0.3280691149826658,4.3011425139959
605135,"Bassitt, Chris","R",2019,141,"32.4",-2.2273053104392293,5.46924219910847,-0.04495519507636456,4.085806274350886
605154,"Brebbia, John","R",375,116,"38.9",-1.7122312488747256,5.673306666666667,0.011185922994652406,4.281711053119429
605177,"Chafin, Andrew","L",381,120,"51.4",1.4802837770527866,6.572257217847769,0.03406770320153832,4.752316136819796
605182,"Clevinger, Mike","R",114,145,"41.0",-1.7760677275031542,5.604298245614035,-0.0198030045032367,4.076408454514182
605218,"Edwards Jr., Carl","R",22,108,"56.4",-0.8944289613583,6.507727272727273,0.32475783908604766,4.673237643817858
605242,"Fulmer, Michael","R",90,9999,"41.7",-1.6899770372294516,6.024666666666667,0.01159040701128936,4.511413222420281
605280,"Holmes, Clay","R",1966,121,"43.8",-1.7652082106108278,6.468591047812818,0.03603873754902867,4.742706224488316
605288,"Houser, Adrian","R",971,145,"36.8",-2.0192941851395707,5.7047167868177135,-0.13510739190536247,4.294767404186653
605347,"López, Jorge","R",386,120,"40.1",-1.632391146786728,5.948367875647668,0.10370651316579388,4.485047783611797
605400,"Nola, Aaron","R",863,143,"19.2",-2.419674131142958,5.012584009269989,-0.2546224448148584,4.257648344394115
605447,"Romano, Jordan","R",610,143,"50.3",-1.4091529572420756,6.138311475409836,0.11663415446655563,4.3016086785891705
605452,"Ross, Joe","R",760,143,"34.3",-2.014042724665683,5.823486842105263,-0.14800982890045972,4.552384076719204
605463,"Scott, Tayler","R",494,9999,"12.9",-2.853026600687554,4.738238866396761,-0.6470911268556006,4.233897336126206
605483,"Snell, Blake","L",172,119,"55.2",1.1910714171994081,6.534360465116279,-0.1729752813704763,4.568984613750363
605488,"Springs, Jeffrey","L",2071,133,"42.6",1.6213745149237422,6.055953645581845,-0.012089111669425234,4.552421522579446
605507,"Thompson, Zach","R",60,144,"47.8",-1.5766868588200713,6.649333333333333,0.09321535947712419,4.806399284016637
605513,"Turnbull, Spencer","R",125,141,"24.0",-2.6109206287311477,5.60768,-0.3585902638146167,4.6046510452762925
605540,"Woodruff, Brandon","R",298,158,"45.0",-1.4925922714832345,5.9266442953020135,0.08517342921915563,4.346692319563579
606160,"Montero, Rafael","R",731,9999,"34.2",-1.9227261188062812,5.092366621067032,-0.032664714295119864,3.802845001962979
606303,"Payamps, Joel","R",306,158,"30.6",-1.9587020214069761,5.646078431372549,0.09258669858912073,4.43309386366549
606930,"Barnes, Jacob","R",146,141,"42.2",-1.5986603780591764,5.641849315068494,0.18131015554416038,4.025996466681318
606965,"Devenski, Chris","R",202,121,"37.8",-1.873865041702995,6.27460396039604,-0.026462655971479482,4.844652004023931
606996,"Hart, Kyle","L",484,135,"34.7",2.080415969957105,5.570805785123967,0.11356193301512943,4.211428114273508
607067,"Rea, Colin","R",1698,112,"30.4",-2.0769105734712445,5.568928150765607,-0.1573113432705773,4.443681152619523
607074,"Rodón, Carlos","L",2130,147,"44.3",1.804851949621918,6.345699530516432,0.06547765161976016,4.650614816516448
607179,"Weems, Jordan","R",44,117,"48.9",-1.0326609526284423,5.9584090909090905,0.5328832604116026,4.163731554853347
607192,"Glasnow, Tyler","R",669,119,"54.9",-1.219045357704414,5.950627802690583,0.16244408514051087,3.9790091861639345
607200,"Fedde, Erick","R",1745,9999,"35.2",-1.908758159196151,5.835186246418338,0.0200469649980336,4.473164671202161
607259,"Martinez, Nick","R",1963,113,"57.9",-0.86284495231286,6.1989251146204785,0.3320350681457226,4.28943004568474
607455,"Banda, Anthony","L",774,119,"33.6",2.0759893851371554,5.496421188630491,0.06578419845974566,4.157046393598548
607481,"Bummer, Aaron","L",745,144,"10.6",2.5360683077527195,5.231597315436241,0.2628871152902894,4.807118902965701
607536,"Freeland, Kyle","L",1626,115,"28.2",2.134361763743285,5.719784747847479,0.11973141135689433,4.638647978208391
607625,"Lugo, Seth","R",1849,118,"31.7",-2.252116081227244,5.581898323418064,-0.19329279332953497,4.308657032610969
607732,"Stallings, Jacob","R",9,115,"32.0",-2.2634260697259365,6.365555555555556,-0.5006960685284214,5.22134605862547
608032,"Estévez, Carlos","R",724,118,"41.8",-1.6359633603348867,5.979267955801105,0.21131330300075832,4.330290981229258
608331,"Fried, Max","L",2123,147,"46.5",1.5642457764543962,6.028205369759774,-0.10966169153226314,4.2642452443444725
608334,"Fulmer, Carson","R",201,108,"35.9",-2.0927762195346746,5.605572139303483,-0.29606604943198445,4.30622849965857
608337,"Giolito, Lucas","R",1396,111,"51.2",-1.4867903066055086,6.209670487106017,0.02844910790442773,4.326084024638769
608371,"Sims, Lucas","R",279,120,"40.0",-1.5727394175353464,5.719032258064516,0.13008902880800416,4.291087330611619
608372,"Sugano, Tomoyuki","R",1756,110,"40.9",-1.8660516928843027,5.9799715261959,-0.15958379713658088,4.501795651375066
608379,"Wacha, Michael","R",1832,118,"51.0",-1.2513477637952661,6.530917030567686,0.19342861745829734,4.7458483142333945
608566,"Márquez, Germán","R",1597,115,"40.7",-1.8271435657198551,6.14777082028804,-0.0675409623324482,4.63276876758673
608650,"Enns, Dietrich","L",296,116,"48.1",1.2254843197253675,6.209831081081081,-0.24490726742785565,4.569889896781809
608665,"Graveman, Kendall","R",225,109,"42.5",-1.6683610262015638,5.758933333333333,0.02522499544464251,4.209584739156268
608671,"Jankowski, Travis","R",4,121,"67.1",-0.8468533763603255,7.5975,0.06980102495543672,5.431012121212121
608717,"Stratton, Chris","R",411,9999,"36.6",-1.8962465784823224,5.9145985401459855,0.0259243148531255,4.484854789847812
608718,"Suter, Brent","L",798,113,"51.4",1.3188347070964606,6.09937343358396,0.033699949182224714,4.485944830771224
612434,"Castro, Miguel","R",105,145,"11.5",-2.8716193967465333,4.953619047619048,-0.44193448858331214,4.4571835073423305
614179,"Ruiz, José","R",302,9999,"45.2",-1.5874831470390662,6.364370860927152,0.08475621879094805,4.679035879047586
615698,"Quantrill, Cal","R",1649,146,"44.8",-1.5576394733308137,6.321910248635537,0.1681739848274058,4.60808896792633
620454,"Castillo, José","L",331,9999,"38.9",1.9971895272295523,6.014320241691843,0.10009436240851739,4.482052758615119
621028,"Newman, Kevin","R",5,108,"24.5",-2.3315169521019357,5.984,-0.43790007130124775,5.124797575757576
621051,"Wilson, Steven","R",631,145,"47.7",-1.6148065615076157,5.890301109350237,-0.1309486455870347,4.260117386035239
621053,"Ferguson, Tyler","R",636,133,"26.5",-2.7764725367800445,5.857059748427673,-0.6269062420823104,4.786088296253321
621057,"Garza, Justin","R",83,121,"45.5",-1.4569364345938387,5.696385542168675,0.053004400489659174,4.158641474990873
621107,"Eflin, Zach","R",1127,110,"23.8",-2.7328934004904557,5.555616681455191,-0.4758360686567117,4.559236236866288
621111,"Buehler, Walker","R",1578,111,"42.4",-1.6612098002066695,5.463517110266159,-0.1363132521818498,4.070836003176475
621112,"Blackburn, Paul","R",363,121,"38.9",-1.9553607013674945,5.7324517906336085,-0.1536321950668572,4.277203199471624
621114,"Burr, Ryan","R",39,141,"58.5",-1.0288364631376323,6.326666666666667,0.17366790301202067,4.361682586041409
621121,"McCullers Jr., Lance","R",915,117,"24.8",-2.478770059666734,5.105049180327869,-0.4120569193380283,4.149947053563602
621139,"Kriske, Brooks","R",98,112,"45.6",-1.4500347591492497,6.06734693877551,0.07891798719487796,4.503168574702609
621199,"Bowman, Matt","R",430,110,"30.2",-1.9180348620524628,5.573511627906977,-0.20543039775318161,4.576603562575136
621237,"Alvarado, José","L",338,143,"59.8",0.8356241888848133,6.543698224852071,-0.43480951808372625,4.357917029765106
621242,"Díaz, Edwin","R",700,121,"19.8",-2.7973183051050583,4.954971428571429,-0.7313014197860963,4.211368385154062
621244,"Berríos, José","R",1980,141,"38.5",-2.2166255364919234,5.627010101010101,-0.390024673922829,4.175484228200004
621345,"Minter, A.J.","L",185,121,"41.4",1.7309264863242355,5.642648648648649,0.13897248398130752,4.241305024329142
621363,"Poche, Colin","L",244,9999,"55.7",1.2084458297854836,6.161516393442623,-0.019786275240349493,4.365006556281231
621366,"Borucki, Ryan","L",429,134,"27.6",2.26875088077294,5.601398601398602,0.18203866056700282,4.5119979650474304
621381,"Strahm, Matt","L",691,143,"30.3",2.183252745537472,5.351982633863965,0.057023041988799206,4.1112393406698295
621383,"Banks, Tanner","L",755,143,"48.3",1.7477816447497947,6.404238410596027,0.1638327580833658,4.625019375641888
621512,"Nido, Tomás","R",9,116,"44.7",-1.5078393345538048,6.724444444444444,0.0010024361259655368,5.229841760744702
622253,"Tate, Dillon","R",118,141,"20.5",-2.4577690376021115,5.186864406779661,-0.3279816625879936,4.389171650956222
622379,"Castillo, Luis F.","R",168,136,"12.6",-3.061728279259778,4.839166666666666,-0.6827189781215517,4.308603777268483
622491,"Castillo, Luis","R",1996,136,"15.0",-2.4668018763934625,5.051853707414829,-0.14298593510550514,4.429212236773012
622554,"Domínguez, Seranthony","R",760,9999,"31.6",-1.9888616900769924,5.617605263157895,-0.04177886856177878,4.41949491087344
622608,"Senzatela, Antonio","R",1795,115,"43.6",-1.9170960625200113,6.127175487465181,-0.2199900014895804,4.509671873792819
622663,"Severino, Luis","R",2218,133,"39.7",-1.5770499020228916,5.941839495040577,0.07502294012366813,4.572467491790552
622780,"Perdomo, Angel","L",72,133,"40.2",1.747795612786704,6.356944444444444,-0.1513627463359081,4.749045845712022
622786,"Tinoco, Jesus","R",304,146,"21.0",-2.4270241433218356,5.1401315789473685,-0.24771456838118022,4.3038315106365514
623149,"Sewald, Paul","R",249,114,"16.0",-2.6661127636226434,4.460401606425703,-0.6509060047677341,3.8809018777427
623167,"Flexen, Chris","R",673,112,"64.9",-0.611685195065457,6.816166419019316,0.3631384244066396,4.73246659608055
623168,"Heineman, Tyler","R",8,141,"61.1",-1.182807251731884,6.87625,-0.08374715909090909,4.890236742424243
623211,"Brazobán, Huascar","R",839,121,"36.1",-2.1551570177563444,5.842741358760429,-0.04121412693151809,4.29727124940777
623352,"Hader, Josh","L",772,117,"28.6",2.34278734196683,5.571761658031088,0.25649846960922856,4.435639329288003
623433,"Anderson, Nick","R",32,115,"46.5",-1.4323381114456823,6.4575,0.15266833778966132,4.784522512811943
623437,"Topa, Justin","R",670,142,"10.7",-2.8245427173949,5.017671641791045,-0.4897950924521776,4.577742652512837
623465,"Phillips, Evan","R",92,119,"26.7",-2.156436085631113,5.51304347826087,-0.12365775691699606,4.489761859645044
623474,"Herget, Jimmy","R",880,115,"5.4",-2.890511365666659,5.1056704545454545,-0.5850741856060606,4.882929121900826
624133,"Suárez, Ranger","L",1428,143,"37.4",1.886881076320197,5.835511204481793,0.07359894614708629,4.448272980734183
624431,"Trevino, Jose","R",12,113,"47.8",-1.6597411527096926,6.59,-0.2931393345216875,5.0856349747474745
625643,"López, Reynaldo","R",94,144,"40.6",-1.7432717970943985,5.728297872340425,-0.1829182330185459,4.391894264611067
628317,"Maeda, Kenta","R",170,116,"40.5",-1.8626587100147523,5.7471764705882356,-0.13815413022963197,4.275145600293594
628452,"Iglesias, Raisel","R",628,144,"31.3",-2.37270306346901,5.47843949044586,-0.3355024990917038,4.237850399792228
640448,"Finnegan, Kyle","R",594,120,"49.6",-1.059089578553252,5.7206228956228955,0.3573149213465613,4.052713706134428
640451,"Harvey, Hunter","R",113,118,"43.6",-1.4293458972293023,5.81858407079646,0.19452265628697174,4.274239351347941
640454,"Krook, Matt","L",71,133,"27.6",2.372442614350251,6.005211267605634,0.22917594336069896,4.883650356506239
640455,"Manaea, Sean","L",302,121,"15.2",3.2197603686255327,5.1047350993377485,0.9542948259375996,4.488099337158102
640462,"Puk, A.J.","L",156,109,"26.5",2.3828496591462973,5.5532051282051285,0.11244243566890626,4.420498223182046
640902,"Pereda, Jhonny","R",9,133,"33.5",-1.9778458132873031,5.958888888888889,-0.15537595563477913,4.754735026737968
641154,"López, Pablo","R",1007,142,"35.2",-2.2010290815927576,5.510724925521351,-0.23098999313185598,4.119530221426839
641302,"Alexander, Tyler","L",1104,9999,"33.5",2.149987731674232,5.47893115942029,0.20475464862822598,4.189149940259371
641312,"Anderson, Shaun","R",193,108,"45.2",-1.6512480274120909,6.081658031088083,-0.16056749605164722,4.5822848748072005
641329,"Baker, Bryan","R",734,9999,"54.1",-1.1536765305633983,6.573773841961853,0.3316906680606352,4.522760042887604
641343,"Bauers, Jake","L",3,158,"54.5",1.0314419103979449,6.8933333333333335,-0.2622140819964349,5.0836696969696975
641386,"Bowden, Ben","L",41,133,"33.0",2.0984349907488817,6.10780487804878,-0.007659553932437719,4.73831003869397
641401,"Brogdon, Connor","R",506,108,"31.4",-2.075803457425458,5.725217391304348,-0.07288234589559862,4.501015315324836
641482,"Cortes, Nestor","L",150,158,"51.8",1.422437730923268,5.7678,0.1479113374925728,4.150867496732026
641540,"Dunning, Dane","R",275,9999,"38.7",-1.8719233404992706,5.654909090909091,-0.042158935342732136,4.184835728082969
641656,"Hamilton, Ian","R",641,147,"36.2",-1.8054782359710737,5.883447737909516,0.01736604152936171,4.54595438875309
641658,"Hampson, Garrett","R",3,138,"58.2",-1.613729687161502,6.68,-0.5040067736185384,4.890592632204397
641745,"Keller, Brad","R",777,112,"46.9",-1.4888195349097342,6.351891891891892,0.14603849957673487,4.6038990486284606
641755,"Kinley, Tyler","R",872,115,"46.1",-1.4228253724353361,6.483199541284404,0.15676440375149225,4.841745104171777
641778,"Lauer, Eric","L",1129,141,"38.5",1.585521480076478,6.084092116917626,-0.25634954220999134,4.613473902890732
641793,"Littell, Zack","R",1925,139,"39.2",-2.015736588340941,6.113044155844156,-0.2602065760585226,4.682066020186587
641816,"Mahle, Tyler","R",1235,140,"41.4",-1.8754828231901517,5.643400809716599,-0.22761567104721903,4.190430510655495
641835,"Mayza, Tim","L",162,134,"40.7",2.0406656667588354,6.191358024691358,0.1760847158953368,4.588751203208556
641927,"Ober, Bailey","R",1484,142,"33.2",-2.3119613636360894,5.970256064690027,-0.22459662676391312,4.601953781152255
641941,"Pagán, Emilio","R",707,113,"42.2",-1.5368012658546322,5.603408769448373,0.16749479889165386,4.056260323427301
642016,"Robert, Daniel","R",190,143,"34.6",-2.0510084045402652,6.125421052631579,-0.12900624167370298,4.7995943212308845
642048,"Saucedo, Tayler","L",93,136,"25.9",2.4802875695020914,5.5361290322580645,0.25077846299810247,4.452681596802944
642100,"Speier, Gabe","L",623,136,"27.6",2.0320984078681237,5.334991974317817,0.09261807352154346,4.322045923210959
642121,"Sulser, Cole","R",247,139,"41.5",-1.6881531221820654,5.729028340080972,-0.09028767094618488,4.315339815035326
642152,"Trivino, Lou","R",696,9999,"34.4",-2.065303154101167,6.03823275862069,-0.12285995694777388,4.708429482067122
642180,"Wade, Tyler","R",1,135,"24.5",-2.338841183962096,5.78,-0.3950757575757575,4.891263636363636
642207,"Williams, Devin","R",728,147,"21.6",-2.4291265688619417,5.264120879120879,-0.4690654540312629,4.492314385491959
642216,"Winans, Allan","R",171,147,"28.5",-2.1807598594777278,5.599122807017544,-0.11938190105388248,4.479710958397181
642232,"Yarbrough, Ryan","L",878,147,"12.8",3.2490382239845115,5.0113667425968105,0.9334013667425968,4.486398174225167
642239,"Zastryzny, Rob","L",203,158,"41.5",2.015558235172119,5.650246305418719,0.3480648217907853,4.1728605994749
642397,"Soto, Gregory","L",638,9999,"37.0",2.0476849385229903,5.7100470219435735,0.11240412343050643,4.251595113964651
642520,"Garabito, Gerson","R",121,140,"43.5",-1.9427435745527681,5.725619834710744,-0.2797456571058175,4.14487309188138
642528,"Loáisiga, Jonathan","R",445,147,"44.5",-1.6621680270830044,5.402157303370786,-0.029590183460513945,3.7926246606180776
642547,"Peralta, Freddy","R",2184,158,"38.4",-2.1057179074624908,5.285054945054945,-0.34198925820911114,3.8866355301969273
642585,"Bautista, Félix","R",626,110,"65.8",-0.27710280468042137,6.96832268370607,0.7644215206471784,4.63745625039153
642701,"Santana, Dennis","R",664,134,"32.0",-2.3991690447682763,5.763283132530121,-0.34205307969847304,4.477873823905247
642759,"Fernández, Julian","R",36,119,"47.4",-1.2367327278139801,6.194444444444445,0.46601285898197664,4.346041597346009
643338,"Green, Chad","R",709,141,"46.1",-1.5642065636138027,6.138631875881523,0.07264075836771432,4.434513002421125
643361,"Herget, Kevin","R",102,9999,"50.7",-1.055295927980181,6.194117647058824,0.3313563585683828,4.4988223978539725
643377,"Jax, Griffin","R",760,142,"43.2",-1.4422631827599306,5.4861973684210525,0.22180662292428935,3.9245275465569005
643410,"Leiter Jr., Mark","R",623,147,"50.7",-1.279256182822493,5.806661316211878,0.0851806967322169,4.138104988655319
643511,"Rogers, Tyler","R",603,137,"-60.3",-2.840021873964758,1.3767164179104479,-1.681280876514634,3.4102241949787606
645261,"Alcantara, Sandy","R",1890,146,"31.3",-2.379024872519951,5.9387936507936505,-0.16411992351149213,4.591602309556819
645305,"Sánchez, Ali","R",14,141,"44.5",-1.9955730218582508,7.020714285714286,-0.30863023936847467,5.3626156671759615
646242,"Díaz, Jhonathan","L",26,136,"29.9",2.2588089835780565,5.445769230769231,0.3419010592348828,4.34176663924311
647315,"Pop, Zach","R",127,9999,"29.3",-2.514608016020694,5.5705511811023625,-0.3940287668252698,4.376230367594425
647336,"Soroka, Michael","R",1390,120,"32.6",-2.221558761309099,5.777381294964028,-0.2082094928762872,4.488000213711384
650556,"Abreu, Bryan","R",810,117,"41.3",-1.791969014406666,5.6521234567901235,-0.04490698169054379,4.111864946193966
650633,"King, Michael","R",923,135,"27.1",-2.249105262033474,5.51501625135428,-0.26319138736160275,4.497560378754082
650644,"Civale, Aaron","R",1094,9999,"42.2",-1.4490793816900887,6.253281535648995,0.19440938501044425,4.762685640766195
650671,"Quijada, José","L",41,108,"35.0",2.110528576675424,5.301951219512195,0.22287438807008392,3.977927992261206
650893,"Cabrera, Génesis","L",409,9999,"44.4",1.5868002777218693,5.966845965770171,-0.12648421544656982,4.284512134504835
650911,"Sánchez, Cristopher","L",1915,143,"29.6",2.1777261787673434,5.913274151436031,0.1760991029167423,4.777808644578173
655889,"Rodríguez, Manuel","R",431,139,"47.4",-1.5330594301179679,5.549512761020882,-0.0035554747695323552,3.8846317811663793
656186,"Altavilla, Dan","R",394,145,"24.7",-2.1927008534486556,5.196116751269035,-0.3008898255472009,4.32610646144937
656222,"Beeks, Jalen","L",661,109,"48.2",1.7800064564141114,5.971316187594554,0.22103416837234138,4.225682878531691
656234,"Bird, Jake","R",908,115,"17.7",-2.489676429539108,5.2226211453744495,-0.30284717798613237,4.524019605094741
656240,"Blewett, Scott","R",711,9999,"45.0",-1.4441520505300638,6.160028129395218,0.15448899293255214,4.563198450125479
656257,"Brigham, Jeff","R",63,109,"37.2",-1.9140423011586685,5.591428571428572,-0.08717990549755256,4.203268647256882
656271,"Burke, Brock","L",713,108,"40.3",1.9502859069963618,6.281781206171108,0.14327037035648124,4.747460963191856
656288,"Canning, Griffin","R",1343,121,"42.3",-1.6558817060304931,5.757334326135518,-0.008740227003953948,4.2585766355022345
656302,"Cease, Dylan","R",2096,135,"50.4",-1.4653060349603073,6.125954198473282,-0.05290223454232491,4.416670419847328
656420,"Feyereisen, J.P.","R",81,9999,"44.3",-1.7047118012744018,6.101234567901234,-0.05567820250434632,4.492954622477498
656427,"Flaherty, Jack","R",1929,116,"27.3",-2.0459992307193597,5.306915500259202,-0.06352741826831115,4.285556751671874
656457,"Gilbert, Tyler","L",520,145,"12.9",3.0426742776572553,5.000365384615384,0.7172961809269163,4.469041986836693
656464,"Ginkel, Kevin","R",471,109,"41.8",-1.7266941658932573,6.515307855626327,0.07935659706847419,4.8960238690766795
656546,"Hoffman, Jeff","R",717,141,"37.5",-1.8976598770870787,5.796708507670851,0.08083140337661626,4.2747794516665545
656550,"Holmes, Grant","R",1964,144,"38.8",-1.9732527074453756,5.87337067209776,-0.24766838090077728,4.487358124720912
656557,"Houck, Tanner","R",749,111,"20.3",-2.6755458243305754,5.498798397863818,-0.3507925884542432,4.637244144182737
656605,"Keller, Mitch","R",2015,134,"37.8",-1.787429760090218,5.8378461538461535,-0.05491912607316782,4.492374150511096
656629,"Kopech, Michael","R",114,119,"45.9",-1.488287179465627,5.710175438596491,-0.033679438346311416,4.207976852894268
656641,"Latz, Jacob","L",894,140,"48.5",1.231742472052884,5.901420581655481,-0.28171261479780035,4.1910493323483555
656686,"Martin, Corbin","R",124,110,"41.5",-1.5091685698912147,5.825241935483871,0.15023448479098384,4.358583058047266
656730,"Megill, Trevor","R",586,158,"53.8",-1.210310461656231,6.5131058020477814,0.2707602951822988,4.48928343158548
656731,"Megill, Tylor","R",1231,121,"35.4",-2.111337618670235,5.889642567018684,-0.21945554380233742,4.544645374613918
656794,"Newcomb, Sean","L",1221,9999,"31.1",2.3973761181247526,6.0104914004914,0.2148160092761697,4.692843499089756
656848,"Petersen, Michael","R",130,144,"46.9",-1.4038619664030685,6.373,0.2994931317701906,4.549505854243796
656849,"Peterson, David","L",1869,121,"40.6",1.8141952142529962,6.12959871589085,-0.0730551873660598,4.511537343122472
656876,"Rasmussen, Drew","R",1545,139,"55.1",-1.1459528925188094,5.922595469255663,0.16939349641474713,4.034737804256154
656896,"Rivera, Emmanuel","R",1,110,"18.1",-2.667130215684792,5.98,-0.4331833333333333,5.2448999999999995
656945,"Scott, Tanner","L",703,119,"34.6",2.2511295796096285,5.24294452347084,0.420621021823963,3.9812540423902654
656986,"Sousa, Bennett","L",618,117,"54.5",1.1235115863970164,6.360226537216828,-0.2264403480839232,4.469672261737881
657006,"Steele, Justin","L",268,112,"44.7",1.6992481852062244,6.112164179104478,0.07614831125123048,4.5039745776465265
657024,"Swanson, Erik","R",128,141,"53.2",-1.3885515636361314,6.17015625,-0.08386161778631908,4.426479545454545
657044,"Thompson, Ryan","R",523,109,"-8.3",-3.3121571395538476,3.7008413001912044,-0.8507036714007695,4.058042193160943
657053,"Toussaint, Touki","R",36,108,"31.0",-2.2077541538300687,5.539166666666667,-0.11741830808080808,4.27934705882353
657097,"Webb, Jacob","R",725,140,"34.0",-2.1560973069512546,5.552496551724138,-0.2720260726535128,4.280924782838527
657240,"Merryweather, Julian","R",353,112,"57.0",-0.9786666800192806,6.248186968838527,0.3718392772921685,4.170515103543349
657277,"Webb, Logan","R",2221,137,"22.4",-2.639303078612124,5.017699234579019,-0.49484583131684995,4.131903114252946
657376,"Schmidt, Clarke","R",1226,147,"35.1",-1.9090026694725248,5.600048939641109,0.02792885105250761,4.235467386730757
657424,"Gage, Matt","L",170,9999,"51.5",1.4382251085052515,6.381588235294117,-0.033923868092691614,4.531384317919681
657514,"Bernardino, Brennan","L",721,111,"17.9",2.3998981851480456,5.0501386962552015,0.2519618391222332,4.356979640947288
657571,"Ferguson, Caleb","L",662,134,"45.9",1.5173160391091274,5.913867069486405,-0.15961767546623154,4.182236464072034
657585,"Garrett, Reed","R",746,121,"34.2",-1.8117649489431455,5.650214477211796,0.03161292191748744,4.394516728553474
657612,"Hill, Tim","L",661,147,"-23.6",3.1439407312841827,3.062980332829047,0.9639081070111994,4.01556046960663
657649,"Koenig, Jared","L",709,158,"30.4",2.508516851840193,5.89867418899859,0.4839471116206452,4.710922831987007
657746,"Ryan, Joe","R",1903,142,"24.7",-2.079759860451225,4.805055176037835,0.024524753532043878,3.836273260954886
657756,"Seabold, Connor","R",104,139,"20.1",-2.6483028522810743,5.019326923076923,-0.608419651549431,4.2737641248457425
660271,"Ohtani, Shohei","R",237,119,"34.4",-2.04019769439384,5.684725738396624,-0.16108945899802193,4.400842905601059
660604,"Rangel, Alan","R",165,143,"71.5",-0.30167591537989674,6.306060606060606,0.4774533700642792,3.9724844935990924
660730,"Rodríguez, Elvin","R",313,158,"50.1",-1.4555181594512903,6.004057507987221,-0.021639237611977703,4.288675608082327
660761,"Suarez, José","L",123,144,"41.0",1.8031475892164985,5.608211382113821,0.17174295755257019,4.186283929684217
660787,"De los Santos, Yerry","R",369,147,"29.5",-2.1227499438850597,5.986910569105691,-0.083605783081895,4.836032630706877
660825,"Bazardo, Eduard","R",863,136,"44.9",-1.5221017437365536,5.852201622247972,0.12684491947627044,4.210195725023392
660853,"De Los Santos, Enyel","R",755,144,"24.2",-2.523608744507408,5.456317880794702,-0.3533471034458335,4.481332201721146
660896,"Alcala, Jorge","R",756,9999,"51.5",-1.3836783627486227,6.637222222222222,0.11361508632072358,4.752458771774703
661395,"Duran, Jhoan","R",765,142,"32.7",-2.141856567336373,6.004653594771241,-0.06834178369624737,4.6722823315042
661403,"Clase, Emmanuel","R",746,114,"51.3",-1.3414642994287447,5.99328418230563,0.11694180119281444,4.171439041973114
662253,"Muñoz, Andrés","R",680,136,"29.6",-1.8532054569912273,5.304838235294118,0.00614975988256265,4.248608596387753
663158,"Suarez, Robert","R",708,135,"45.4",-1.3461274992627832,6.1725,0.2808489530146933,4.522519351667221
663321,"Hernandez, Nick","R",112,117,"46.2",-1.3788569138840487,5.714553571428572,0.23176788738222562,4.03274293035396
663362,"Waldron, Matt","R",104,135,"32.6",-2.265766540701009,5.7548076923076925,-0.4080862736528178,4.568194235911148
663372,"Feltner, Ryan","R",522,115,"41.0",-1.8539625606745527,5.524272030651341,-0.1482576568593303,4.039076534103715
663399,"Waddell, Brandon","L",454,121,"40.6",2.126076285917643,6.000881057268723,0.37830845642221644,4.499299919118629
663423,"Thornton, Trent","R",637,136,"41.1",-1.769443619449656,5.414960753532182,-0.09426812529207487,3.9524682687060837
663432,"Rainey, Tanner","R",155,134,"43.1",-1.915757391992855,6.135741935483871,-0.18682633028578002,4.518890712437468
663436,"Martin, Davis","R",1423,145,"39.4",-1.9514946281743715,5.995551651440619,-0.19844270176862672,4.5555314327391985
663455,"Pilkington, Konnor","L",79,120,"28.9",2.3270991135135004,5.6940506329113925,0.3107872447483021,4.581189809111216
663460,"Bubic, Kris","L",1766,118,"37.7",1.9885015383390472,5.644071347678369,0.1786385644466785,4.245082602808446
663462,"Campbell, Isaiah","R",24,111,"44.1",-1.9448804151771018,6.22,-0.21742603238265004,4.544006743909685
663465,"Allard, Kolby","L",661,114,"47.0",1.6325650813261645,5.408986384266263,0.1505783410324658,3.8147905391010757
663474,"McKenzie, Triston","R",123,114,"49.2",-1.2659298353193509,6.2473983739837395,0.20141274799646391,4.550326715505123
663485,"Sands, Cole","R",721,142,"24.9",-2.38368735566381,5.649750346740638,-0.2578713132384463,4.660606164319214
663542,"Hudson, Bryan","L",234,158,"13.1",2.8788353587277875,5.016709401709401,0.3978162427441839,4.440809906379024
663546,"Hjelle, Sean","R",254,137,"26.9",-2.306278020343861,6.278346456692914,-0.028362893525341423,5.123316984925681
663554,"Mize, Casey","R",1520,116,"45.2",-1.5586481222361679,5.79958552631579,-0.009406783528004501,4.238320801376771
663559,"Falter, Bailey","L",1698,134,"55.3",0.8727118893864774,5.831831566548881,-0.3321244119641646,4.093186397859283
663562,"Davis, Noah","R",165,9999,"27.2",-2.2040025031052504,5.567515151515152,-0.2597333543996111,4.5675397785340035
663568,"Kolek, Stephen","R",1231,135,"32.8",-2.15694557143722,5.244346060113728,-0.13781069272550614,3.9421265041826494
663574,"Santillan, Tony","R",848,113,"26.9",-2.084915105678538,5.427629716981132,-0.022105114372078162,4.378984287449971
663623,"Irvin, Jake","R",2018,120,"26.9",-2.2885077519340333,5.675366699702676,-0.19918316634248978,4.615701095620698
663671,"Enright, Nic","R",338,114,"54.0",-0.9173525750195182,6.219082840236687,0.4272410804881393,4.364698071913004
663687,"Harris, Hogan","L",781,133,"53.7",1.285846175685164,6.028169014084507,-0.07406429813690113,4.174808435868819
663738,"Lynch IV, Daniel","L",684,118,"36.3",1.6631779217090812,5.813040935672515,-0.2250267654616339,4.426430380429684
663765,"Woodford, Jake","R",191,109,"23.9",-2.5570106373259254,5.0110994764397905,-0.47572095967373146,4.089063844947784
663767,"Shugart, Chase","R",597,134,"34.8",-2.0441964885747677,5.3743551088777215,-0.31217109701806717,4.173082819325385
663773,"Hoeing, Bryan","R",131,135,"31.7",-2.1521866967340224,6.096030534351145,-0.13027455674844537,4.847171163815977
663795,"Hagenman, Justin","R",203,121,"23.2",-2.4841735446146576,5.214827586206897,-0.5163718039566924,4.372283130054529
663804,"Kowar, Jackson","R",183,136,"40.1",-1.713380882865611,5.953606557377049,0.13231022666393932,4.396833890496089
663855,"Hicks, Jordan","R",973,9999,"34.1",-2.2275025084105837,5.624892086330935,-0.30027823470787923,4.318650686540149
663878,"Pearson, Nate","R",211,112,"39.5",-1.8391608689052656,5.575829383886256,0.03569287663363493,4.024785455474736
663893,"Little, Brendon","L",886,141,"33.3",2.1102605586007663,6.045248306997743,0.18178777849535052,4.779821347822938
663903,"Singer, Brady","R",1864,113,"26.0",-2.0492649119585447,5.262215665236051,-0.2197228257231492,4.370130922134753
663941,"Beck, Tristan","R",356,137,"43.9",-1.7382098179663321,5.948960674157304,-0.053272037292955994,4.332649540096938
663947,"Holton, Tyler","L",782,116,"41.2",1.797548969325208,5.859833759590793,0.08037488203837684,4.357047620480417
663969,"Phillips, Tyler","R",787,146,"30.2",-2.0628260152645885,5.884828462515883,0.04343534179526033,4.662467049673052
663978,"Paddack, Chris","R",1920,9999,"47.8",-1.5280178952248002,6.13584375,0.11288653033088235,4.323146967933007
663992,"Lovelady, Richard","L",174,9999,"20.2",2.5488920636917616,5.29,0.5889658291843383,4.5682108667814045
664062,"Gonsolin, Tony","R",609,119,"40.3",-1.8572465377739642,6.110738916256158,-0.11533119034447635,4.633609647474454
664076,"Cleavinger, Garrett","L",572,139,"31.8",2.184167102310406,5.233111888111888,0.2733292001670344,4.0462493789187635
664123,"Effross, Scott","R",156,147,"-5.2",-3.1386192419206953,3.836153846153846,-0.8350252730929202,4.044201152932035
664126,"Fairbanks, Pete","R",679,139,"59.9",-0.8411074104137406,7.005243004418262,0.43723609940696057,4.795990619265513
664129,"Hartlieb, Geoff","R",109,9999,"36.3",-2.1025626041061614,5.911926605504587,-0.13993922549837284,4.470787640844494
664139,"Gibaut, Ian","R",387,113,"49.7",-1.3543319734221992,5.806976744186047,0.13352644041877967,4.046287487736461
664141,"Brubaker, JT","R",214,147,"45.7",-1.5524526047326166,6.294158878504673,0.20026908307928099,4.490797581921469
664192,"Lucchesi, Joey","L",260,137,"47.8",1.6971221960022496,6.085653846153846,0.10211844028520499,4.327463889345948
664199,"Clarke, Taylor","R",481,118,"44.1",-1.6620563687643808,6.039729729729729,0.06664721095015214,4.359421777083542
664208,"Maton, Phil","R",631,138,"25.7",-2.28715597618164,5.164152139461173,-0.22971700933074568,4.17254139653268
664285,"Valdez, Framber","L",1963,117,"41.8",1.8133264924852441,5.991951095262354,0.19880125571740298,4.547910664585382
664351,"Contreras, Luis","R",224,117,"47.6",-1.2251460726624828,5.466696428571429,0.20768928372485357,3.8959979174624393
664747,"Díaz, Alexis","R",168,9999,"14.8",-2.5976029716989415,4.776071428571429,-0.4968170518207283,4.220326531597488
664849,"Young, Danny","L",158,121,"14.8",2.7243752504771024,5.070569620253164,0.4290810764006408,4.464115370946998
664854,"Helsley, Ryan","R",601,138,"62.6",-0.8948745663030476,6.150083194675541,0.19457526552596535,4.045949397023974
664875,"Lawrence, Justin","R",172,134,"-1.9",-3.2002993418279493,4.29889534883721,-0.7766648354267711,4.377448698855864
664948,"Misiewicz, Anthony","L",100,142,"49.5",1.2953072666240801,6.0425,-0.18421269162210338,4.313476628342246
664991,"Wolfram, Grant","L",204,110,"42.8",1.8883991299256175,6.18671568627451,-0.008707515466079478,4.43103185488099
665152,"Kremer, Dean","R",1953,110,"42.9",-1.674514318537739,6.17547363031234,-0.013840993380082569,4.630943351149519
665625,"Peguero, Elvis","R",146,158,"21.9",-2.7671867778803,5.432054794520548,-0.4665254462432545,4.506694180524016
665660,"Alvarado, Elvis","R",341,133,"19.0",-2.66968436146489,5.629208211143695,-0.2949492041337996,4.809482344838762
665795,"Cabrera, Edward","R",1526,146,"35.6",-1.977376261996397,6.02526867627785,0.0032853587723663353,4.605444706022526
666120,"Anderson, Ian","R",203,108,"63.3",-0.7260488846824543,6.133596059113301,0.27815933589736835,4.135854201241625
666142,"Ragans, Cole","L",873,118,"38.5",1.8894925174389314,6.174925544100802,0.036775394331428284,4.700936787115138
666157,"Lodolo, Nick","L",2008,113,"14.9",3.026420750498567,5.392878486055777,0.6052268574543183,4.749825124191292
666168,"Thompson, Mason","R",90,120,"37.9",-1.6969637318958108,5.869888888888889,0.04577185086155675,4.511884930679343
666171,"Zeferjahn, Ryan","R",715,108,"38.0",-1.8483389117055857,5.938503496503497,-0.030812526083542128,4.521163127532005
666200,"Luzardo, Jesús","L",2057,143,"33.4",2.1371329132416705,5.870913952357802,0.19107918814673083,4.583807067731852
666214,"Wentz, Joey","L",938,9999,"49.6",1.2758886824382412,6.220394456289979,-0.3173540921253169,4.350814453325428
666215,"Whitley, Forrest","R",256,9999,"40.1",-1.7771503273340647,6.182421875,0.0367042443042558,4.653407517616421
666277,"Soriano, George","R",386,146,"26.0",-2.1668674375976487,5.373031088082902,-0.06748413108531214,4.3495639051287025
666374,"Brash, Matt","R",447,136,"30.9",-2.019700139893669,5.277852348993289,0.06171748575370762,4.032136540294377
666619,"Santos, Gregory","R",132,136,"36.4",-1.8727429323405889,5.951818181818182,0.14141994476854103,4.4662287919299954
666659,"Lao, Sauryn","R",37,136,"34.4",-2.155100323920714,5.758108108108108,-0.30835951486245605,4.492783983716337
666661,"Morillo, Juan","R",478,109,"45.8",-1.6623546346549258,5.789686192468619,0.021395086478866936,4.056126930391784
666808,"Doval, Camilo","R",757,137,"15.8",-2.287034027334105,5.399656538969617,-0.05425712659268102,4.767046032160913
666974,"Cano, Yennier","R",656,110,"16.6",-2.9657796717739964,5.4973780487804875,-0.5244433543650276,4.769105633722447
667297,"Nance, Tommy","R",90,141,"41.8",-1.8043298316427765,6.152,0.028414861358684883,4.512048105565459
667463,"King, John","L",678,138,"28.7",2.3981587480315816,5.583259587020649,0.416677021253661,4.497207243176166
667755,"Soriano, José","R",2141,108,"37.6",-2.065149952865551,5.927160205511443,-0.18663826376799286,4.482929938031856
668390,"Winn, Cole","R",298,140,"37.0",-2.1095242653710304,5.415738255033557,-0.25663907810836356,4.019647261601407
668670,"Rogers, Jake","R",5,116,"25.9",-2.3180830681462683,5.352,-0.5059470588235294,4.472484705882353
668674,"Erceg, Lucas","R",698,118,"41.3",-1.6555995240105437,5.997005730659025,0.09794125461593858,4.458869267808712
668678,"Gallen, Zac","R",2064,109,"41.8",-1.4535604798736041,5.964011627906976,0.14434261186592323,4.536251524910528
668716,"Murdock, Noah","R",391,133,"16.6",-2.6261113402367786,5.043427109974425,-0.27639625212558866,4.340867401333935
668820,"Kranick, Max","R",528,121,"42.3",-1.5845306824126153,5.86717803030303,-0.03399655343542376,4.457759706186193
668834,"McGee, Easton","R",128,158,"25.7",-2.214130912700875,5.541015625,-0.03070812513926024,4.48813391195967
668881,"Greene, Hunter","R",978,113,"31.5",-2.214803964132151,5.875081799591002,-0.2433001108158452,4.667497371131014
668909,"Williams, Gavin","R",1953,114,"35.6",-2.073169250806756,6.0447363031234,-0.1592188712826284,4.674650416562845
668933,"Ashcraft, Graham","R",735,113,"55.2",-1.1082316001423065,6.506707482993197,0.2600119700001212,4.539129703881553
668941,"Romero, JoJo","L",553,138,"30.8",2.0420876640661687,5.391555153707053,0.09128323792117538,4.227489536412954
668964,"Myers, Tobias","R",412,158,"61.2",-0.7723104280994902,5.986577669902912,0.2934621140733434,4.0509575305453165
668970,"Hollowell, Gavin","R",127,112,"11.5",-3.0166145241839883,5.178425196850394,-0.6383115415385912,4.695185687818435
668984,"Legumina, Casey","R",685,136,"17.5",-2.4172751241055943,4.656978102189781,-0.35203860038773305,4.003819427117894
669020,"Rolison, Ryan","L",474,115,"45.7",1.5552633536341371,5.944704641350211,0.048360283963988365,4.3976906163270835
669022,"Gore, MacKenzie","L",2137,120,"45.1",1.6918883563177705,5.6842583060365,0.08747758752711958,4.072139346060456
669060,"Wilson, Bryse","R",827,145,"39.6",-2.057664644201002,5.803119709794438,-0.24926413976165382,4.306031417166185
669062,"Miller, Erik","L",482,137,"32.0",2.223335824647195,6.243692946058092,0.13843189214576815,4.940271329169163
669084,"Hall, DL","L",421,158,"43.2",1.6965805260896563,5.452232779097387,0.10258128321075784,3.9545513551047713
669093,"Estrada, Jeremiah","R",762,135,"66.3",-0.561197009425122,5.854829396325459,0.3626930521051179,3.735193943838571
669160,"May, Dustin","R",1666,119,"19.6",-2.616019184599672,4.969747899159664,-0.41303668023359075,4.185650574882359
669193,"Little, Jack","R",44,119,"24.9",-2.2006825750880727,4.985681818181818,-0.08716617039377735,4.0028579626478695
669194,"Nelson, Ryne","R",1519,109,"52.1",-1.075957522432319,6.157432521395655,0.29946489710253604,4.388516355222441
669199,"Bachar, Lake","R",728,146,"35.8",-1.9348515400172142,5.634478021978022,-0.018047876633170746,4.24913153782492
669203,"Burnes, Corbin","R",1009,109,"41.1",-1.7011747491384548,5.87378592666006,-0.005263728758464361,4.391749617170952
669211,"Akin, Keegan","L",679,110,"38.0",1.8863353093108548,5.860765832106038,0.07226270086291312,4.437761007720802
669212,"Morgan, Eli","R",132,112,"43.3",-1.334898431074974,5.560681818181818,0.3123543861070599,4.011237247474748
669276,"Lee, Dylan","L",748,144,"46.8",1.4662560882306075,6.527794117647058,-0.13571104192284594,4.821410063913752
669302,"Gilbert, Logan","R",1208,136,"37.5",-1.7895070425559607,5.660314569536424,0.04983762195877749,4.245975398265869
669308,"Reynolds, Sean","R",386,135,"39.6",-1.6688104728115505,6.52979274611399,0.11045986695667433,5.057875056569967
669358,"Baz, Shane","R",1934,139,"36.9",-1.8561323285455682,5.765077559462254,-0.029825269729965877,4.39325393705287
669371,"Henry, Cole","R",685,120,"23.9",-2.641644375795242,5.362992700729927,-0.4428974313335155,4.389579541356025
669372,"Ginn, J.T.","R",715,133,"44.4",-1.6773349883185722,5.583538461538462,-0.023886902883213042,3.9646356627151813
669373,"Skubal, Tarik","L",1941,116,"49.8",1.775082243202083,6.116218444100979,0.15588817546315045,4.201091641756229
669387,"Mlodzinski, Carmen","R",1116,134,"29.1",-2.185946440042485,5.204910394265233,-0.22753788006567893,4.113141489371897
669391,"White, Owen","R",101,145,"40.6",-1.9325119267852706,6.029306930693069,-0.2003496170205256,4.546989093909391
669422,"Sauer, Matt","R",468,119,"44.7",-1.3861152020785916,5.986581196581197,0.20261562476194828,4.416181250666545
669432,"Rogers, Trevor","L",724,110,"23.3",2.330048670724687,5.803756906077348,0.09889302781635005,4.840262017436307
669438,"Englert, Mason","R",460,139,"40.1",-2.090957518688256,5.87145652173913,-0.2790240666899171,4.345589067271177
669449,"Palisch, Jake","L",24,145,"27.7",2.540824327751463,5.864583333333333,0.4235600155971479,4.751913751485443
669450,"Hummel, Cooper","R",17,117,"33.9",-1.970413773698566,5.734705882352941,-0.41095937925972525,4.687251813987627
669461,"Liberatore, Matthew","L",1605,138,"46.5",1.5494279516410412,6.493389408099689,-0.05687229541150928,4.80030280984668
669467,"Pallante, Andre","R",1867,138,"57.6",-1.4143506683596214,6.106004284949116,-0.22123237728747827,4.226466886117548
669622,"Bender, Anthony","R",668,146,"16.7",-2.500776595667367,5.546931137724551,-0.29464061876247505,4.8867123069369285
669674,"Long, Sam","L",393,118,"51.8",1.3843339721162846,5.939898218829517,-0.08768484462950112,4.060719465648855
669684,"Murphy, Chris","L",259,111,"42.7",1.7128816934740116,5.4338223938223935,0.1519010801863743,3.993790826846709
669704,"Strowd, Kade","R",127,110,"44.8",-1.6566999967767624,5.840708661417323,-0.15077424312602636,4.343685296222999
669711,"Weissert, Greg","R",719,111,"16.4",-2.751744120474737,4.941808066759388,-0.4912958730312203,4.275980594458039
669713,"Wesneski, Hayden","R",508,117,"46.2",-1.631525896685981,5.94251968503937,-0.004824409624264879,4.2405918657978585
669717,"Wilson, Will","R",26,114,"35.1",-2.149094281989999,6.355,-0.3629367372823255,5.099017551076375
669721,"Daniel, Davis","R",183,144,"50.8",-1.2038714289702166,5.68,0.09672622025461948,4.085096281036011
669724,"Hanifee, Brenan","R",803,116,"32.3",-2.6410095390334702,5.513536737235367,-0.5816634370220408,4.209811371128322
669854,"Blanco, Ronel","R",793,117,"45.5",-1.5314111558029173,5.966519546027743,0.04614054999966282,4.361648699853666
669920,"Alexander, Jason","R",451,9999,"20.8",-2.3188766644134913,5.426541019955654,-0.1597584723589093,4.604058803767425
669923,"Kirby, George","R",1083,136,"29.2",-2.0682422424686386,5.644506001846722,0.04915351074703364,4.459251016026322
670036,"Festa, Matt","R",450,114,"33.9",-1.944760290265791,5.102622222222222,-0.22577745296098237,3.9457145462467818
670059,"Holderman, Colin","R",279,134,"29.1",-2.28845568728899,5.631146953405018,-0.24917924852573808,4.494034734121736
670102,"Francis, Bowden","R",1141,141,"39.2",-1.9132904642699018,5.955460122699386,-0.1347500851428134,4.50396715862028
670167,"Schreiber, John","R",741,118,"12.1",-2.777552505321526,4.523049932523617,-0.5374081415488536,4.042843426164479
670174,"Winckowski, Josh","R",207,111,"54.3",-0.9572335447151631,6.072995169082126,0.35616203811344477,4.23919360097135
670280,"Bednar, David","R",613,134,"39.0",-1.690216021197952,5.853344208809135,0.0017770027305004752,4.482664669533838
670329,"Garcia, Rico","R",210,9999,"48.6",-1.4720059843837294,5.967095238095238,0.015944415584415582,4.276019513623631
670766,"McCaughan, Darren","R",86,142,"29.7",-2.1277602563847022,5.376395348837209,-0.10557961385399826,4.223634900302616
670810,"Gillaspie, Logan","R",111,135,"45.7",-1.6841819175438877,5.738558558558559,-0.07966987441987441,4.094230884360297
670950,"Richards, Trevor","R",116,9999,"52.3",-1.121249148377002,6.2941379310344825,0.3219238282930727,4.42935853002643
670955,"Uceta, Edwin","R",804,139,"13.8",-2.853809765230342,4.538557213930348,-0.7064816098872837,4.009152631561444
670970,"Morejon, Adrian","L",663,135,"42.5",1.7913970088366205,5.914389140271493,0.13660184651949359,4.394694282860546
670990,"Ramírez, Yohan","R",143,134,"29.7",-2.352735864021439,5.283636363636363,-0.41735913391421414,4.183134783665532
671096,"Abbott, Andrew","L",1649,113,"47.7",1.6882669469117664,6.03582171012735,0.19036837331327042,4.3884832838786325
671106,"Allen, Logan","L",1857,114,"35.9",1.6917543536287236,5.204351103931072,-0.07606687318879184,3.922921481996627
671109,"Eder, Jake","L",302,108,"37.7",2.1202208471799358,5.765298013245033,0.25174197713402036,4.320183203480068
671131,"Rutledge, Jackson","R",914,120,"31.4",-2.2365622382214605,6.009059080962801,-0.26077255067732286,4.804597366670957
671162,"Thomas, Connor","L",119,158,"29.1",2.283029614584383,5.181008403361345,0.32030432451055285,4.08433481253464
671212,"Boyle, Joe","R",371,139,"33.5",-2.0010151011657005,5.8592452830188675,0.02876419442562617,4.516082478342967
671305,"Otañez, Michel","R",121,133,"28.8",-2.29820276166204,5.60305785123967,-0.2687138035680087,4.486624495808842
671737,"Bradley, Taj","R",1710,139,"53.5",-1.3768112660311176,6.245450292397661,-0.013303813313735915,4.400654879600963
671922,"Smith, Cade","R",792,114,"37.4",-1.917447240266137,5.857550505050505,-0.00137132690541781,4.394793298402924
672282,"Detmers, Reid","L",819,108,"46.8",1.3536377181439525,6.058962148962149,-0.16089617996382702,4.446848344901286
672335,"Pérez, Cionel","L",437,110,"38.0",1.9280500252608173,5.554828375286041,0.16716826564201714,4.177710020925367
672391,"Ort, Kaleb","R",519,117,"39.9",-1.7334526616002204,5.810327552986513,0.01019084211719369,4.352924854632692
672456,"Montero, Keider","R",1168,116,"40.9",-1.740711167919188,5.768279109589041,-0.025809665577002913,4.282085815294362
672578,"Hernández, Carlos","R",662,9999,"41.4",-1.5994401505315416,6.022296072507553,0.2712570170336742,4.372399625991567
672582,"Zerpa, Angel","L",761,118,"30.5",1.9602284037559763,5.352378449408673,0.10037616292007186,4.256948840417782
672782,"Gómez, Yoendrys","R",330,9999,"35.5",-1.8825746475326455,5.516212121212122,0.014909309404202454,4.162662006968077
672841,"Vargas, Carlos","R",731,136,"34.4",-2.1066673978183483,5.8180437756497945,-0.2204584430041137,4.526240943961218
673380,"Núñez, Dedniel","R",183,121,"39.2",-1.7625557315527458,5.535136612021858,0.0503856228631542,4.055752180435015
673513,"Matsui, Yuki","L",691,135,"55.8",1.1745713857068003,6.060926193921852,0.004732124256096332,4.336148792083601
673540,"Senga, Kodai","R",1406,121,"45.1",-1.5374287693502091,5.921365576102418,0.07352550845244343,4.302774964247952
673820,"Piña, Robinson","R",61,9999,"29.8",-2.5180283503870613,6.207049180327869,-0.49101802548142953,5.045978377312177
673929,"Leasure, Jordan","R",740,145,"53.2",-1.0834275407754914,5.863891891891892,0.2573301138170256,4.072466452401599
673965,"Freeman, Caleb","R",70,145,"45.8",-1.5602783584430584,5.879,0.02687838808250574,4.24368868347339
674072,"Henry, Tommy","L",107,109,"44.4",1.6541870008170108,5.7776635514018695,-0.11031513069118896,4.050851885818049
674285,"Salazar, Eduardo","R",545,120,"35.1",-1.8602802916250323,5.546,0.0010241281132970278,4.238329901061342
674370,"Bido, Osvaldo","R",949,133,"35.2",-2.04602718510809,5.928587987355111,-0.08737420354289815,4.543863905433809
674384,"Núñez, Eduarniel","R",87,135,"32.5",-2.2430808152499493,5.518965517241379,-0.2830622892208085,4.268152888929866
674444,"Cruz, Steven","R",579,118,"32.8",-2.371304956088591,5.628341968911917,-0.375338713868339,4.340221858173321
674944,"Guenther, Sean","L",154,116,"44.6",1.6470108710090823,5.494935064935065,0.10555868752459666,3.9736058603606734
675512,"Melton, Troy","R",177,116,"36.8",-1.8040337264638253,5.448870056497175,0.017327742529985802,4.086582089589816
675540,"Curry, Xzavion","R",56,146,"61.1",-0.7271357053179691,6.027857142857143,0.3425631923223835,4.0895722545836515
675650,"Mercado, Michael","R",85,143,"35.8",-1.915560941069297,6.0828235294117645,-0.00006848065429380373,4.70294631854881
675848,"Mejia, Juan","R",652,115,"37.2",-2.168499284853168,5.924555214723926,-0.23533139401047645,4.456353721854051
675911,"Strider, Spencer","R",1299,144,"41.8",-1.6431128245862898,5.763864511162432,-0.06585751393846082,4.35369838357766
675989,"Bolton, Cody","R",40,114,"38.5",-1.7752657581576838,5.643,0.06381608065953656,4.178490323083779
676051,"Heuer, Codi","R",20,140,"32.0",-2.226773475786879,5.718,-0.23365216131907307,4.473344095365419
676083,"Junk, Janson","R",858,146,"52.8",-1.1481037071355054,5.780850815850816,0.1814737229348192,4.021082893413776
676092,"Snider, Collin","R",477,136,"18.6",-2.5464466344859122,5.17167714884696,-0.2633873122643378,4.403273434679761
676106,"Hancock, Emerson","R",1246,136,"19.3",-2.529629808731427,5.407247191011236,-0.3316163253248184,4.637201752059353
676130,"Buttó, José","R",782,121,"37.7",-1.9864984852213856,5.491253196930947,-0.06854812446717817,4.0092352431719025
676206,"Tarnok, Freddy","R",31,146,"45.9",-1.3017334915530379,6.501290322580645,0.3907980219653844,4.753096814444253
676254,"Walker, Ryan","R",695,137,"18.4",-2.815909805455373,5.0652805755395685,-0.5502195274368741,4.313021653906821
676263,"Dreyer, Jack","L",815,119,"56.2",0.967856923640687,5.946736196319018,-0.2902533402228711,4.065210802357753
676272,"Miller, Bobby","R",116,119,"45.1",-1.367616519428562,5.986637931034482,0.2975745574405311,4.310646434169279
676282,"Cantillo, Joey","L",929,114,"53.7",1.0772783457337949,5.885446716899892,-0.2500986477514971,4.07940375262151
676395,"Garcia, Robert","L",637,140,"26.1",2.4276577257687597,5.658257456828886,0.29007692895339954,4.613366450636199
676428,"Hurter, Brant","L",884,116,"28.9",2.6680819506656777,5.851990950226244,0.4122323086803623,4.60422089100346
676440,"Bibee, Tanner","R",1994,114,"53.8",-1.2668086674051928,6.310260782347041,0.03293004396433507,4.53207676407118
676467,"Gordon, Colton","L",1049,117,"30.0",2.3108496402309173,5.473126787416587,0.26453463259296267,4.2920454875962
676475,"Burleson, Alec","L",7,138,"54.8",1.2548416080644282,6.61,0.16055044563279858,5.060436554621849
676477,"Whitlock, Garrett","R",862,111,"39.5",-1.807134404089662,5.7771925754060325,-0.12863259354152967,4.392642691311918
676508,"Casparius, Ben","R",1076,119,"46.5",-1.3924874694758846,6.182788104089219,0.18079876274774864,4.527699658072083
676534,"Faucher, Calvin","R",732,146,"42.9",-1.8708579881001597,5.809631147540983,-0.23070363823870332,4.282779812468952
676604,"Zuber, Tyler","R",34,121,"40.9",-1.5569505608626684,5.469117647058823,0.03157749816504141,4.091769206773619
676609,"Caballero, José","R",1,139,"37.8",-1.895019830899579,5.34,-0.2917545454545455,4.09680909090909
676617,"O'Brien, Riley","R",463,138,"28.8",-2.2409091929391476,5.493434125269978,-0.17406467084772256,4.355489648614207
676661,"Lazar, Max","R",381,143,"53.6",-1.0087170815082789,5.901811023622047,0.35198795668589555,4.056477332144979
676664,"Sears, JP","L",1936,133,"24.9",2.218208217730614,4.823388429752066,0.267239907936315,3.9156974667524787
676679,"Vázquez, Luis","R",1,110,"56.9",-1.5827397532460528,7.67,-0.35226818181818187,5.783127272727273
676680,"Cosgrove, Tom","L",64,112,"21.0",2.5300065243119017,5.0796875,0.3350964446858289,4.235418776459447
676684,"Vest, Will","R",766,116,"52.6",-1.2076694913864017,5.643720626631854,0.11394844819722334,3.9145019259947036
676701,"Trejo, Alan","R",3,115,"36.8",-2.118174794062062,6.23,-0.2902489898989899,4.863065656565657
676702,"Stratton, Hunter","R",151,9999,"38.9",-1.673187026183632,5.908278145695364,0.10603698161986047,4.471492709329367
676755,"Mattson, Isaac","R",410,134,"49.7",-1.6075172626659744,6.046487804878049,-0.12816350832572496,4.300622869223077
676760,"Marinaccio, Ron","R",41,135,"29.3",-2.264957259521167,5.124634146341464,-0.2580389613495065,3.999202199904352
676879,"Ashby, Aaron","L",479,158,"49.9",1.149939042024781,6.40089770354906,-0.4342892342930719,4.518847318574422
676961,"Boushley, Caleb","R",572,140,"43.2",-1.9068299180384574,5.906660839160839,-0.1976533068758336,4.2983996801104425
676962,"Brown, Ben","R",1456,112,"44.9",-1.4442917039989829,6.448331043956044,0.16285822088450766,4.845702680897534
676969,"de Geus, Brett","R",47,143,"29.2",-2.2428142095731967,6.045531914893617,-0.1763483407289415,4.892666916979557
676974,"Meyer, Max","R",1039,146,"36.9",-1.758571232368937,5.628488931665062,0.10343396596892322,4.227705240195649
676979,"Crochet, Garrett","L",2180,111,"34.5",2.064333304335654,6.097738532110092,0.0483562708711508,4.712577142757854
677020,"Walker, Josh","L",92,141,"39.8",1.9270719573609831,6.113913043478261,0.05835334030845538,4.555571984228474
677161,"Kelly, Zack","R",380,111,"36.2",-1.8442111218569135,5.510921052631579,-0.03540946664790318,4.18702226404916
677649,"Duran, Ezequiel","R",2,140,"67.3",-1.0385667122572517,6.975,-0.23114318181818178,5.038092424242424
677865,"Bruihl, Justin","L",143,141,"29.6",2.3358588528777915,5.139160839160839,0.49540884160402876,4.093813540381188
677944,"Cecconi, Slade","R",1156,114,"40.1",-1.7230742538738513,5.850717993079585,0.049912753656039324,4.358806710628573
677952,"Ashcraft, Braxton","R",463,134,"41.6",-1.7822061207536004,6.238444924406047,0.11626975587407554,4.551591360883643
677955,"Hill, Jaden","R",104,115,"23.7",-2.3371921479383455,5.62125,-0.22619597473604824,4.694072439325381
677958,"Rocker, Kumar","R",1036,140,"29.7",-2.47712519467987,5.678021235521236,-0.45061401833460657,4.522337285270374
677960,"Weathers, Ryan","L",406,146,"43.7",1.6299352008654442,5.808522167487685,0.01946952025324237,4.264419285582572
677976,"Dobnak, Randy","R",79,142,"22.7",-2.5079637498140706,5.593670886075949,-0.36376030145084504,4.6958998465669355
678020,"Halvorsen, Seth","R",631,115,"44.3",-1.5791152701248004,5.810221870047544,-0.04942452435231404,4.3160620606173605
678022,"Perkins, Jack","R",298,133,"30.1",-2.068304286147067,5.3045637583892615,-0.2908804717127852,4.271481183528933
678024,"Vasil, Mike","R",1099,145,"30.1",-2.253999406353534,5.877088262056415,-0.24883081492006182,4.7134860048593845
678215,"Arias, Luarbert","R",192,146,"36.8",-1.6028439778724297,6.08484375,0.15776576286764707,4.767922342914439
678226,"Hernández, Daysbel","R",577,144,"40.5",-2.059273800982034,5.91313691507799,-0.29647927568065197,4.407404106309295
678316,"Cruz, Omar","L",81,135,"49.0",1.3651895316539153,5.929382716049383,-0.1729109735701239,4.156594548975595
678368,"Bellozo, Valente","R",898,146,"47.5",-1.3912509050370967,6.066124721603564,0.07955842752164644,4.462600467666314
678394,"Bello, Brayan","R",1780,111,"31.6",-2.180511056124893,5.266915730337079,-0.20846430681567826,4.052048447245088
678495,"Rodríguez, Randy","R",684,137,"39.6",-1.7549481336503494,5.5300292397660815,-0.13567428294816067,4.189794712605935
678606,"Ferrer, Jose A.","L",806,120,"31.6",2.3446444223925518,5.794305210918114,0.40664044277986405,4.603278569043227
678692,"Henriquez, Ronny","R",834,146,"41.8",-1.4216673926900383,5.243932853717026,0.03799701479458144,3.9406142301132356
678821,"Peralta, Luis","L",192,115,"30.3",2.145111537870342,5.238333333333333,0.1567602890114379,4.074504356524807
679358,"Orze, Eric","R",616,139,"45.3",-1.2081167637469987,5.86237012987013,0.4314137823517837,4.20125695216103
679775,"Backhus, Kyle","L",214,109,"7.8",3.0058448546385863,4.2308878504672895,0.7142172851383544,3.919292355106869
679885,"Martinez, Justin","R",268,109,"37.9",-2.0450667665198345,6.126455223880597,-0.1979021011253891,4.689927634887062
679922,"Duran, Carlos","R",27,133,"22.5",-2.580469423102198,5.812592592592592,-0.23887181620122797,4.8430849970291145
680573,"Woods Richardson, Simeon","R",1376,142,"46.7",-1.3386443747539727,6.42640988372093,0.24989209882684574,4.743642410575489
680604,"Castaño, Blas","R",50,136,"26.6",-1.8710388465444463,4.759,0.002671336898395715,3.8165371069518716
680684,"Hoglund, Gunnar","R",547,133,"48.9",-1.338356683215872,6.181937842778793,0.11843146868187195,4.50872909745916
680689,"Richardson, Lyon","R",601,113,"31.4",-2.0834750695642987,5.521647254575707,-0.17109634165873278,4.353829760856089
680704,"Sandlin, Nick","R",289,141,"11.8",-2.512037547150152,4.282560553633218,-0.49055278358591,3.857907136909498
680729,"McDaniels, Garrett","L",191,108,"48.0",1.3396850105814389,6.1672774869109945,-0.22230836856398914,4.429949618295677
680730,"Parker, Mitchell","L",1832,120,"60.5",1.0030540701599604,6.253990174672489,-0.17725213495084416,4.1595085691878975
680732,"Burke, Sean","R",1819,145,"42.4",-1.525579613712418,6.255112699285322,0.1388303273820898,4.735915366418445
680735,"Cox, Austin","L",139,144,"52.5",1.153813158449601,6.28410071942446,-0.24421932892188922,4.464423066466613
680736,"Wrobleski, Justin","L",670,119,"36.6",1.7680359613447136,5.468507462686567,0.05055944422273659,4.190123368983957
680742,"Bowlan, Jonathan","R",439,118,"41.3",-1.9264211155078335,6.121480637813212,-0.16326983055802566,4.573366416340817
680755,"Fisher, Braydon","R",509,141,"48.5",-1.0559540237735725,6.4337721021611,0.5137737719270599,4.661247073882241
680767,"Vodnik, Victor","R",599,115,"39.1",-1.641389609610742,5.256911519198664,0.12970535622353357,3.8138501565294507
680880,"Holman, Grant","R",374,133,"39.7",-2.026820187776964,6.003342245989304,-0.11324855753190921,4.413944642874164
680885,"Schwellenbach, Spencer","R",1573,144,"35.8",-2.11176229527981,5.394787031150668,-0.4166659443052491,4.171142626689467
680951,"Nikhazy, Doug","L",108,114,"44.8",1.5813225405589264,5.4682407407407405,0.04338055390506369,3.943808445566779
681006,"Simpson, Josh","L",249,146,"27.1",2.2238746366485307,5.23718875502008,0.25312993292242053,4.229051044463057
681146,"Bride, Jonah","R",26,142,"23.1",-2.2436305000941505,5.893461538461539,-0.21479085424379543,5.025967509941039
681190,"Vásquez, Randy","R",1681,135,"36.5",-1.9211254947027685,5.987388459250446,-0.04478418075142014,4.5981770799997035
681293,"Arrighetti, Spencer","R",157,117,"21.4",-2.3019249040938057,4.95968152866242,-0.2109243985376432,4.142295562405622
681343,"Smith, Shane","R",1421,145,"33.0",-2.1101982515156994,5.821935256861365,-0.145785460516495,4.5471968813857835
681347,"Burrows, Mike","R",952,134,"49.2",-1.2935566604900715,6.199863445378151,0.2333341520431702,4.425275361842598
681432,"Little, Luke","L",34,112,"23.2",2.601366025414511,5.412058823529412,0.25981480811575963,4.406388408304498
681517,"Leahy, Kyle","R",868,138,"45.2",-1.5352561277293675,5.788387096774193,0.1006997298479509,4.139250020330713
681676,"Fernandez, Ryan","R",158,138,"55.9",-0.9608036225884297,5.8188607594936705,0.33419553690290843,3.9053663936460663
681751,"Estrada, Lazaro","R",119,141,"48.6",-1.358801868682029,5.580672268907563,0.1924404424871553,3.820094456178193
681799,"Roberts, Ethan","R",144,112,"31.3",-1.8020787002643848,5.1159027777777775,-0.07432585474846504,4.067767380917013
681810,"Warren, Austin","R",88,121,"28.0",-2.395020755136973,4.973977272727272,-0.3657891042780749,3.891466458029493
681857,"Olson, Reese","R",1159,116,"36.5",-1.9743606130641076,5.982424503882657,-0.05271097833124936,4.557587025587551
681867,"Criswell, Cooper","R",192,111,"9.2",-2.842982616002978,4.763333333333334,-0.43239548379010695,4.370622279318924
681869,"Dubin, Shawn","R",303,117,"36.5",-1.9327335160952153,5.826930693069307,-0.08741680344505039,4.461920147014702
681870,"Sabrowski, Erik","L",172,114,"48.7",1.3219379323354392,6.061337209302326,-0.27059288023877626,4.246071773825809
681882,"Selby, Colin","R",172,110,"48.9",-1.3048110831136386,5.713662790697675,0.2824799076607387,3.8964219396426647
681892,"Funderburk, Kody","L",314,142,"33.0",2.2437261827667374,5.768917197452229,0.18680632202504627,4.430622540788174
681895,"Sisk, Evan","L",120,118,"12.4",2.5489023037638905,4.651916666666667,0.4755945179738562,4.19981572563874
681911,"Vesia, Alex","L",747,119,"64.3",0.5871544473505875,6.017349397590362,-0.4170710036819888,3.9319518217850606
681916,"Smith, Dylan","R",165,116,"48.6",-1.4789562184096032,5.981575757575758,0.00601109058499433,4.297756191325015
681962,"Capra, Vinny","R",1,145,"51.8",-1.2263982022817435,6.74,-0.04168333333333335,5.230499999999999
681982,"Anderson, Grant","R",874,158,"3.1",-3.0801854316297788,4.325778032036613,-0.9521829223721942,4.2135369722259615
681987,"Eaton, Nate","R",8,111,"46.7",-1.588672573102362,6.0125,-0.17784308155080214,4.51608444741533
682052,"Lopez, Jacob","L",1202,133,"20.2",2.8424454472687377,5.198327787021631,0.5778242029772127,4.3674169558460205
682120,"Herrin, Tim","L",539,114,"30.0",2.4807381078596697,5.748497217068645,0.41995160212845467,4.557786705260617
682144,"Sandridge, Jayvien","L",31,147,"40.3",2.0169022917542407,6.226451612903226,0.06553590937841414,4.57293715715025
682171,"Murfee, Penn","R",232,145,"-2.8",-3.2295084986189866,4.082025862068965,-0.9691463077785973,4.192404644569426
682243,"Miller, Bryce","R",871,136,"45.4",-1.4608698779137415,5.765361653272101,0.19240405428636334,4.086668639116225
682254,"Montgomery, Mason","L",608,139,"53.7",1.214078182586931,5.823289473684211,-0.09273401043132563,4.043116257974481
682274,"Hiraldo, Yaramil","R",62,110,"61.0",-1.0650511528679192,6.355322580645161,0.11369921942383993,4.227177120349606
682515,"Porter, Logan","R",15,137,"57.8",-1.4376883630447792,6.967333333333333,-0.2456662210338681,5.074808342245989
682610,"Muñoz, Roddery","R",132,138,"39.1",-1.7529085979469492,5.691363636363636,0.13990790323016258,4.1529199947334305
682790,"González, Wikelman","R",100,145,"28.1",-1.9921042163064249,5.1405,-0.09320820409982175,4.124717311942959
682825,"Mey, Luis","R",291,113,"35.1",-2.0813049520751594,5.856082474226804,-0.1346413002064306,4.486075676718673
682842,"Uribe, Abner","R",798,158,"38.4",-2.0918552399721406,5.863345864661654,-0.021843822457212538,4.220460675306805
682847,"Ortiz, Luis L.","R",1500,114,"21.9",-2.243207705012551,5.055746666666667,-0.14272032525252526,4.2127036178847295
682989,"Mederos, Victor","R",79,108,"27.2",-2.328839256644248,5.411012658227848,-0.34645445294343286,4.392312408899118
682990,"Priester, Quinn","R",1679,158,"47.2",-1.4561954960385146,6.080244192972007,0.17398159655978912,4.317983891183849
683004,"Leiter, Jack","R",1576,140,"45.9",-1.5913068186529007,5.6330710659898475,-0.10826733545517885,4.102336618122099
683021,"Stefanic, Michael","R",7,141,"54.4",-1.4019597226589404,6.602857142857143,-0.07156222307104658,4.741832263814617
683155,"Estes, Joey","R",146,133,"39.0",-1.7849228770408476,5.810821917808219,-0.04785444106658853,4.406015412790272
683175,"Phillips, Connor","R",78,113,"47.2",-1.3856399386111806,5.978717948717948,0.032068802276155224,4.451535010740893
683232,"Mears, Nick","R",617,158,"56.0",-0.8720089447481886,6.274846029173419,0.405922090819531,4.3831973620271745
683409,"Chivilli, Angel","R",636,115,"34.4",-2.157595527041432,5.774952830188679,-0.1513841541104721,4.39881164979428
683618,"Henriquez, Edgardo","R",22,119,"41.6",-1.7189619740361894,5.927727272727273,0.028007729703451625,4.3749476057365095
683627,"Molina, Anthony","R",140,115,"47.9",-1.3463913414416584,6.112071428571428,0.15171995607333844,4.4564265578049405
683766,"Koss, Christian","R",7,137,"31.9",-2.288717843208564,5.927142857142857,-0.430241265597148,4.770479118920296
683769,"Gaddis, Hunter","R",707,114,"37.0",-1.957856791164854,6.228274398868458,-0.058087976738850355,4.7948047743850015
684007,"Imanaga, Shota","L",1294,112,"36.2",2.0121987459924684,5.382480680061824,0.22920764986899636,4.077662220325815
684320,"Rodríguez, Yariel","R",815,141,"36.3",-2.077294662925414,5.696466257668711,-0.22714549916341328,4.339613308290411
684974,"Yoho, Craig","R",166,158,"18.7",-2.2413881487287437,4.990783132530121,0.049261219208384326,4.212477728561304
685107,"Veneziano, Anthony","L",410,146,"34.2",2.18338847222899,6.156585365853658,0.18898169383939828,4.80198564649363
685126,"Eisert, Brandon","L",781,145,"32.9",2.3957907470230304,5.105160051216389,0.6345149481559589,3.9665254049495484
685299,"Gordon, Tanner","R",410,115,"43.1",-1.799723663120059,6.134878048780488,-0.02508455371505589,4.473456721881657
685314,"Saalfrank, Andrew","L",119,109,"49.3",1.4268376474184772,6.22655462184874,-0.11863258137479593,4.432986517922677
685801,"Bigge, Hunter","R",227,139,"53.7",-1.212679111277698,5.733127753303965,0.04963153195599425,4.010845314769881
686218,"Sheehan, Emmet","R",415,119,"35.5",-2.0421298438188966,5.567951807228916,-0.13004806369864483,4.2031939518501815
686228,"Burgos, Juan","R",97,136,"33.8",-1.8824219628598642,5.121855670103093,-0.06017487457963504,3.8998116994689163
686249,"Wiles, Nathan","R",24,144,"43.7",-1.7550432199533588,6.431666666666667,-0.004592966428995847,4.758301905080214
686563,"Cannon, Jonathan","R",1590,145,"26.5",-2.584908253640173,5.858943396226415,-0.44946502595320575,4.7939470916714315
686580,"Slaten, Justin","R",333,111,"51.0",-1.655428519080816,5.92042042042042,-0.1499117328558505,4.058904564725153
686613,"Brown, Hunter","R",1995,117,"56.3",-1.0419639106344363,6.159187969924812,0.18026100076394194,4.319028901799954
686642,"Ellard, Fraser","L",123,145,"29.7",2.141424680891129,5.813577235772358,0.17490631494282857,4.689269754938191
686654,"Adcock, Ty","R",82,121,"47.0",-1.5657546275579746,6.040731707317073,-0.020106114951523847,4.380077689013521
686701,"Bergert, Ryan","R",615,135,"49.8",-1.2428963826647734,5.922617886178862,0.1310983193484341,4.2987175473530135
686730,"Spiers, Carson","R",245,113,"27.8",-2.026315197864198,5.3342857142857145,-0.06924299938157082,4.3033332012805126
686747,"La Sorsa, Joe","L",68,113,"24.9",2.501065434685317,5.425294117647058,0.36716820672119116,4.432519311628394
686751,"Johnson, Seth","R",182,143,"48.6",-1.400615633828748,5.738846153846154,0.1040753996003996,4.026759154570919
686752,"Pepiot, Ryan","R",1986,139,"41.7",-1.73293616519337,5.932870090634441,-0.06447076410991019,4.443863953602131
686753,"Jameson, Drey","R",53,109,"40.3",-1.6663116187590798,5.649433962264151,0.05251601923788383,4.191788965122927
686799,"Kochanowicz, Jack","R",1604,108,"29.6",-2.4201377568932285,5.928865336658354,-0.19031512017638613,4.6633072659816595
686826,"Jarvis, Bryce","R",248,109,"36.6",-1.7349564832303264,5.6332258064516125,-0.038482457161750326,4.37290283228394
686973,"Varland, Louis","R",702,142,"41.9",-1.885811857220328,5.524017094017094,-0.22501442821884,4.029970652477515
686993,"Sterner, Justin","R",692,133,"35.5",-1.900898967539917,5.428959537572254,-0.1272670047551338,4.163917882625988
687064,"Young, Brandon","R",608,110,"48.9",-1.266545511022758,5.986447368421053,0.3185398369335773,4.1703551870778215
687074,"Owens, Tyler","R",66,116,"45.6",-1.4843327198645697,5.506969696969697,0.01806143385728947,3.974498929130881
687134,"Blalock, Bradley","R",536,115,"61.5",-0.8933358239390881,6.339141791044776,0.2542699023266023,4.224799558357943
687223,"Palmquist, Carson","L",591,115,"21.1",2.3771955615403386,4.9924027072758035,0.3476259392974233,4.208352962440167
687287,"Monteverde, Patrick","L",87,146,"41.5",1.5667669895568612,5.934137931034483,-0.06730554018890733,4.48833246870326
687330,"Kelly, Kevin","R",415,139,"3.3",-2.7959063111995857,3.7852289156626506,-0.6769836909133862,3.6626493836307796
687362,"Gillispie, Connor","R",418,146,"42.4",-2.0043729979464864,5.586315789473685,-0.30238332480447594,4.032672187822498
687377,"Ribalta, Orlando","R",142,120,"36.9",-2.102504625053672,6.317042253521127,-0.12558254186437698,4.832260712133765
687396,"Headrick, Brent","L",252,147,"43.8",1.6401367141561722,6.445753968253968,-0.15828945689386867,4.722365269996888
687424,"Maldonado, Anthony","R",129,133,"35.3",-2.1000046483341475,6.236201550387597,-0.19756368541778938,4.88846190772292
687473,"Gusto, Ryan","R",1475,117,"44.4",-1.347766757473399,5.809159322033898,0.41109931647481796,4.087302974893501
687606,"Schultz, Paxton","R",434,141,"35.6",-1.8307792099512292,5.811036866359447,-0.01512022454142948,4.509036573925758
687765,"Spence, Mitch","R",1187,133,"43.7",-1.862391795345339,6.099241786015164,-0.1631957748604535,4.479255555580584
687830,"Gipson-Long, Sawyer","R",321,116,"28.7",-2.5475010036557415,5.323644859813084,-0.46502951588451863,4.182926274010029
687847,"Church, Marc","R",99,140,"61.6",-0.6757978222274893,6.514646464646464,0.398947475647743,4.530891434847584
687849,"Kent, Zak","R",143,114,"51.5",-1.1881320939485893,6.219020979020979,0.2306188593046882,4.431411585206238
687863,"Hodge, Porter","R",433,112,"39.3",-1.861290937014559,5.600115473441108,-0.1701676217411172,4.217583712893093
687888,"Walter, Brandon","L",814,117,"26.9",2.4067423336159193,5.503587223587224,0.320758892180951,4.444144408129569
687911,"King, Bryan","L",715,117,"33.0",1.9870343272011517,5.480265734265735,0.12324056542388094,4.2677436241476885
687922,"Lucas, Easton","L",438,141,"48.2",1.4450659125160676,6.183036529680365,-0.11507827611326805,4.441035431673708
687931,"Whisenhunt, Carson","L",85,137,"49.6",1.3204913063028565,6.365647058823529,-0.12418882667505504,4.668578363216945
688138,"Evans, Logan","R",1048,136,"33.4",-2.1733445926209183,5.933148854961832,-0.03935275450395286,4.524767854992448
688158,"Morgan, David","R",411,135,"35.2",-2.0097435492554823,5.421265206812652,-0.16420827619258277,4.119432094886174
688297,"Roycroft, Chris","R",243,138,"16.6",-2.7264963312095793,4.891152263374486,-0.3098514513324971,4.170797834921474
688642,"Agnos, Zach","R",502,115,"40.1",-1.9327560781451458,5.893685258964143,-0.2290934944713126,4.462395417083893
689017,"Knack, Landon","R",718,119,"54.4",-1.0818005290277437,5.782632311977716,0.22450693958261958,3.956631681388686
689147,"Kerkering, Orion","R",699,143,"31.1",-2.1747969731443075,5.708168812589413,-0.20660905329487758,4.526683425392527
689225,"Brieske, Beau","R",405,116,"49.1",-1.243303103758733,6.085506172839506,0.29557971765586144,4.308420730837789
689254,"Fluharty, Mason","L",637,141,"32.7",1.9962220002223905,5.660470957613815,0.19653181552341217,4.508135639010849
689266,"Dodd, Dylan","L",245,144,"37.6",2.010010631563748,5.839632653061225,0.058734605114773186,4.339288437193059
689690,"Jacob, Alek","R",469,135,"-0.7",-2.4945247291580652,3.860511727078891,-0.31625662995184506,3.887589235069876
689958,"Walters, Andrew","R",29,114,"38.5",-1.7530291229684987,5.8293103448275865,0.023329500891265616,4.416079964964042
690382,"Darrell-Hicks, Michael","R",158,9999,"32.1",-2.231306598132148,5.844683544303797,-0.29774322074054016,4.633075116202983
690544,"Horn, Bailey","L",54,116,"44.4",1.4147567922433089,5.881296296296297,-0.15489052617680069,4.343261873638344
690829,"Joyce, Ben","R",70,108,"31.2",-2.005192857977125,5.2907142857142855,0.03297593710211357,4.055259237331296
690916,"Fitts, Richard","R",667,111,"52.4",-1.2150319116441868,6.015487256371814,0.2277759725752097,4.138412489209941
690925,"Beeter, Clayton","R",85,147,"50.9",-1.3404042638450575,6.024117647058824,0.08486951766802978,4.273150514836951
690928,"Dobbins, Hunter","R",928,111,"49.1",-1.5110961950068782,6.058717672413793,-0.007606232040229888,4.317460893801094
690953,"Abel, Mick","R",454,143,"28.6",-2.1940249594576295,5.702731277533039,-0.1408513343463136,4.58178168017307
690986,"Harrison, Kyle","L",388,137,"27.1",2.377889774038516,4.796572164948453,0.32809357783413273,3.747682440919198
690990,"Horton, Cade","R",1093,112,"48.7",-1.5742275722116155,6.025233302836231,-0.06944896236461816,4.308675201125947
691094,"Wynne, Randy","R",47,113,"32.7",-1.910723195693983,5.506808510638298,-0.026916509272954827,4.299877437706224
691172,"Zulueta, Yosver","R",38,113,"26.0",-2.3056750484921182,5.6802631578947365,-0.17843562951496386,4.641987076648841
691251,"Lara, Andry","R",160,120,"37.7",-1.9907839531738598,6.2768125,-0.13399987689393938,4.841108959447415
691441,"Mena, Cristian","R",100,109,"46.9",-1.418435769745143,6.228,0.09934897682709447,4.605175615864527
691587,"Pérez, Eury","R",762,146,"30.0",-2.3733994672508527,5.8930446194225725,-0.09143604268717746,4.574369867620157
691594,"Sanoja, Javier","R",1,146,"34.5",-2.0892164654972265,5.65,-0.44198333333333334,4.522266666666666
691799,"Taylor, Grant","R",329,145,"56.2",-0.8373828483235508,5.815410334346504,0.4221204086276677,3.9352562610730946
691951,"Aldegheri, Sam","L",113,108,"42.8",1.4943067939105308,6.011061946902655,-0.04727109065669711,4.582700630984494
692024,"Carrillo, Alex","R",84,121,"18.3",-2.747301880756522,5.206785714285714,-0.4940233341821577,4.460789983872337
692230,"Rodriguez, Carlos","R",74,158,"36.4",-1.844551246705246,5.7489189189189185,-0.09656461434696728,4.462486139615551
692285,"Guerrero, Luis","R",288,111,"36.1",-1.9912946204789046,5.884166666666666,-0.08603070440928896,4.496192533484353
693312,"Nicolas, Kyle","R",245,134,"47.6",-1.30335861492312,6.134816326530612,0.259925706282513,4.42453771617738
693313,"Seymour, Carson","R",154,137,"42.1",-1.769553300650736,5.917012987012987,0.05687105875408014,4.264568795865454
693433,"Woo, Bryan","R",1902,136,"25.6",-2.3052336727567773,5.037492113564669,-0.2631295574974087,4.05840196101861
693645,"Schlittler, Cam","R",251,147,"41.6",-1.9167480261279026,6.368525896414343,-0.22158403924409315,4.8640823188529305
693821,"Elder, Bryce","R",1497,144,"50.7",-1.3267307505990895,6.451696726786907,0.14977573786908338,4.644011195593802
693855,"Seymour, Ian","L",173,139,"42.4",1.83587485487812,5.748728323699422,0.15317320793793082,4.208507842622073
694037,"Palencia, Daniel","R",586,112,"34.5",-1.8139252778725259,5.540580204778157,-0.002789236523029932,4.29423126973408
694297,"Pfaadt, Brandon","R",1938,109,"27.6",-2.430410397344552,5.575459236326109,-0.3909856109354334,4.507013016064856
694335,"Svanson, Matt","R",466,138,"31.4",-2.24427891724318,5.698154506437768,-0.25062160018513846,4.478894996863358
694350,"Brzykcy, Zach","R",417,120,"51.5",-1.1700476068119867,5.881798561151079,0.23474088814509889,4.118412777371685
694361,"Klein, Will","R",239,119,"54.2",-1.2579405683137368,5.907280334728034,0.06861676250568695,4.068983317670925
694363,"Shuster, Jared","L",280,145,"31.5",1.9852054711244713,5.364535714285714,0.1300858330150242,4.2250161729691875
694477,"Patrick, Chad","R",1587,158,"34.5",-2.0837520933552947,5.533497164461248,-0.24558397109087088,4.272876305532811
694646,"McDermott, Chayce","R",140,110,"43.8",-1.767534683826813,5.946571428571429,-0.12164795454545455,4.367464386936593
694738,"Roupp, Landen","R",1720,137,"23.3",-2.519362753682639,5.411895348837209,-0.41849650753430334,4.505800347852672
694819,"Misiorowski, Jacob","R",548,158,"29.5",-2.248230127766302,5.222463503649635,-0.16137676659250297,4.041484232080357
694851,"Hoffmann, Andrew","R",103,118,"49.0",-1.311805171211884,5.803495145631068,0.26350703667168546,3.9889164062094387
694918,"Tidwell, Blade","R",309,121,"43.9",-1.987751264819205,6.220323624595469,-0.2494031797126029,4.550108106190402
694973,"Skenes, Paul","R",2086,134,"23.1",-2.8125184661176807,5.579980824544583,-0.613791151134035,4.640713947110266
695243,"Miller, Mason","R",608,133,"34.4",-2.1081823194207674,6.127220394736842,-0.12569404229993433,4.767024747425884
695418,"Lord, Brad","R",1170,120,"19.9",-2.7285356850427447,5.319367521367521,-0.3989018696009872,4.478112544144309
695445,"Lee, Chase","R",600,116,"-4.1",-3.064899656406159,3.75045,-0.9665336675579322,3.901966451426025
695505,"Burns, Chase","R",488,113,"51.6",-0.95972645214558,6.458237704918033,0.48371639873907835,4.639743266378832
695534,"Petty, Chase","R",169,113,"31.3",-1.9476016499156645,5.42207100591716,0.03592913858388972,4.2148720590872175
695549,"Jobe, Jackson","R",877,116,"43.2",-1.3448950213080895,5.814697833523375,0.25452839407557365,4.315026678821212
696131,"Black, Mason","R",74,137,"29.1",-2.071383063378817,5.469594594594595,-0.01503191694368165,4.324645735173676
696136,"Wicks, Jordan","L",145,112,"54.1",1.3920605242366626,6.077241379310345,-0.003081507160858062,4.14230381707542
696147,"Bachman, Sam","R",235,108,"36.0",-2.0812720136821623,5.450297872340426,-0.13701672241817422,4.036401183297303
696270,"Johnson, Ryan","R",274,108,"24.7",-2.4318994026068426,5.79529197080292,-0.15974323613984412,4.747686506108748
697812,"Rock, Joe","L",45,139,"24.2",2.2628174187982957,5.772666666666667,-0.037652222222222226,4.738852028124381
699134,"Rodriguez, Bradgley","R",25,135,"43.7",-1.3073522874415535,5.8116,0.29672209269162214,4.271983062388592
700187,"Taylor, Troy","R",136,136,"31.2",-2.1701721243634573,5.590955882352941,-0.26905150401069516,4.439260147976303
700241,"McGreevy, Michael","R",524,138,"34.0",-2.0996218684434984,5.804045801526717,-0.13201747356819202,4.475433972697337
700249,"Povich, Cade","L",1152,110,"41.1",1.747372558712011,5.947760416666667,-0.039000876798004555,4.389848865802634
700270,"Díaz, Yilber","R",60,109,"45.6",-1.3746356709407825,5.755,0.20307768419489008,4.142457058823529
700363,"Smith-Shawver, AJ","R",711,144,"43.3",-1.5835946325697152,5.689774964838256,0.17605263343286426,4.0278776560592275
700669,"Graceffo, Gordon","R",391,138,"51.4",-1.3563190933399456,6.07537084398977,0.06091731722216903,4.298227766456502
701121,"VanWey, Logan","R",160,117,"18.3",-2.82741514939109,5.058,-0.6883625233957219,4.349528288213013
701487,"Ohl, Pierson","R",71,142,"45.5",-1.4040623853243928,5.946901408450704,0.11614595792222139,4.401936150234742
701519,"Adams, Travis","R",236,142,"40.3",-1.813639127628225,5.846610169491526,-0.17928131136892353,4.459345053475936
701542,"Warren, Will","R",1945,147,"26.7",-2.1394213655416605,5.53601028277635,-0.07226317932080521,4.496741633330125
701552,"Granillo, Andre","R",181,138,"42.6",-1.589495660625659,6.320718232044199,0.1072537812312268,4.7595390477738055
701581,"Festa, David","R",882,142,"49.7",-1.3064826573177426,6.004852607709751,0.2223922759002591,4.205240656767757
701656,"Henderson, Logan","R",334,158,"32.4",-1.8634752682157552,5.211676646706587,-0.1310127557718787,4.111804960400056
702070,"Cameron, Noah","L",1239,118,"57.9",1.100890635940419,6.431081517352704,-0.14041541652099976,4.4508555680001844
702352,"Bivens, Spencer","R",856,137,"37.6",-2.0514265607744298,6.23285046728972,-0.21458860544005198,4.817022896155064
702674,"Dana, Caden","R",119,108,"52.5",-1.2944718358202754,6.1873949579831935,0.07371965352986114,4.406855728066628
702752,"Pintaro, Jonathan","R",29,121,"27.9",-2.366978248184652,5.2,-0.5240393048128342,4.223216715839941
702795,"Loutos, Ryan","R",185,9999,"33.3",-2.439696679192056,5.974702702702703,-0.3536798044033338,4.605014889916655
800049,"Mazur, Adam","R",97,146,"56.5",-0.8083498205000037,6.018247422680412,0.5317151542716431,3.9924641031295365
800311,"Fuentes, Didier","R",293,144,"29.5",-1.9421332430963636,5.11901023890785,-0.17176864387703578,4.1186661498542945
801216,"Montes De Oca, Christian","R",46,109,"46.8",-1.586119682647515,6.337826086956522,0.016765494458653028,4.6304308765403395
801403,"Dollander, Chase","R",1236,115,"26.6",-2.362167028817786,5.4160598705501615,-0.24098812165054312,4.354312377054382
801434,"Gervase, Paul","R",104,139,"30.3",-2.3044132326455506,5.564134615384615,-0.20811406571369806,4.338153954134101
802419,"Harrington, Thomas","R",150,134,"33.9",-1.8456361097899647,5.535666666666667,-0.02278046821152703,4.309145652406417
805123,"Blubaugh, AJ","R",84,117,"43.2",-1.7329216444819737,5.983333333333333,-0.003913035820388753,4.356389715431627
805299,"Garcia, Brandyn","L",81,9999,"15.0",2.593602311593552,5.37074074074074,0.15970151845249883,4.718497733324531
805673,"Matthews, Zebby","R",555,142,"39.8",-1.9107603486278235,5.87254054054054,-0.25000294294294295,4.488020492685199
806185,"Birdsong, Hayden","R",1191,137,"48.2",-1.206868851144648,6.475952980688497,0.3353679859043839,4.75198299067127
806188,"Gibson, Cade","L",529,146,"36.2",1.996776796039874,5.8610018903591685,0.12461526793566714,4.488556531679522
808963,"Sasaki, Roki","R",542,119,"44.1",-1.665663667988846,6.138431734317344,-0.08418319569693022,4.605303332379581
808967,"Yamamoto, Yoshinobu","R",1904,119,"43.8",-1.4574190523185921,5.463755252100841,-0.029236332928893487,4.095718756085322
820862,"Fermin, José","R",387,108,"44.7",-1.549091898415766,6.274987080103359,0.18542793783710337,4.555568119636861
829272,"Ogasawara, Shinnosuke","L",111,120,"47.2",1.338233164723673,5.68018018018018,-0.09514464437699732,4.126622997864175